Time,Node_ID,Rel_ID,A_ID,B_ID,A_Gender,B_Gender,A_Age,B_Age,A_Is_Infected,B_Is_Infected,Did_Use_Condom,A_Num_Current_Rels,B_Num_Current_Rels,A_Is_Circumcised,B_Is_Circumcised,A_Has_CoInfection,B_Has_CoInfection,A_HIV_Infection_Stage,B_HIV_Infection_Stage,A_Is_On_ART,B_Is_On_ART
6,1,1,2,9,MALE,FEMALE,47.36,44.3533,0,0,0,3,1,0,0,0,0,-1,-1,0,0
6,1,12,2,7,MALE,FEMALE,47.36,42.5665,0,0,0,3,1,0,0,0,0,-1,-1,0,0
6,1,13,2,16,MALE,FEMALE,47.36,4.38955,0,0,0,3,3,0,0,0,0,-1,-1,0,0
6,1,2,4,11,MALE,FEMALE,31.1513,47.9375,0,0,0,1,3,0,0,0,0,-1,-1,0,0
6,1,8,5,6,MALE,FEMALE,48.864,17.239,0,0,0,3,1,0,0,0,0,-1,-1,0,0
6,1,9,5,13,MALE,FEMALE,48.864,40.4999,0,0,0,3,3,0,0,0,0,-1,-1,0,0
6,1,14,5,16,MALE,FEMALE,48.864,4.38955,0,0,0,3,3,0,0,0,0,-1,-1,0,0
6,1,3,8,11,MALE,FEMALE,39.0833,47.9375,0,0,0,2,3,0,0,0,0,-1,-1,0,0
6,1,10,8,13,MALE,FEMALE,39.0833,40.4999,0,0,0,2,3,0,0,0,0,-1,-1,0,0
6,1,4,15,11,MALE,FEMALE,20.6905,47.9375,0,0,0,3,3,0,0,0,0,-1,-1,0,0
6,1,11,15,13,MALE,FEMALE,20.6905,40.4999,0,0,0,3,3,0,0,0,0,-1,-1,0,0
6,1,15,15,16,MALE,FEMALE,20.6905,4.38955,0,0,0,3,3,0,0,0,0,-1,-1,0,0
6,1,5,17,14,MALE,FEMALE,33.3501,28.4279,0,0,0,1,3,0,0,0,0,-1,-1,0,0
6,1,6,18,14,MALE,FEMALE,9.00165,28.4279,0,0,0,1,3,0,0,0,0,-1,-1,0,0
6,1,7,21,14,MALE,FEMALE,25.2027,28.4279,0,0,0,1,3,0,0,0,0,-1,-1,0,0
8,1,3,8,11,MALE,FEMALE,39.0833,47.9375,0,0,0,2,3,0,0,0,0,-1,-1,0,0
8,1,3,8,11,MALE,FEMALE,39.0833,47.9375,0,0,0,2,3,0,0,0,0,-1,-1,0,0
8,1,10,8,13,MALE,FEMALE,39.0833,40.4999,0,0,0,2,3,0,0,0,0,-1,-1,0,0
8,1,4,15,11,MALE,FEMALE,20.6905,47.9375,0,0,0,3,3,0,0,0,0,-1,-1,0,0
8,1,5,17,14,MALE,FEMALE,33.3501,28.4279,0,0,0,1,3,0,0,0,0,-1,-1,0,0
8,1,7,21,14,MALE,FEMALE,25.2027,28.4279,0,0,0,1,3,0,0,0,0,-1,-1,0,0
9,1,9,5,13,MALE,FEMALE,48.864,40.4999,0,0,0,3,3,0,0,0,0,-1,-1,0,0
9,1,3,8,11,MALE,FEMALE,39.0833,47.9375,0,0,0,2,3,0,0,0,0,-1,-1,0,0
9,1,6,18,14,MALE,FEMALE,9.00165,28.4279,0,0,0,1,3,0,0,0,0,-1,-1,0,0
10,1,12,2,7,MALE,FEMALE,47.36,42.5665,0,0,0,3,1,0,0,0,0,-1,-1,0,0
11,1,1,2,9,MALE,FEMALE,47.36,44.3533,0,0,0,3,1,0,0,0,0,-1,-1,0,0
11,1,11,15,13,MALE,FEMALE,20.6905,40.4999,0,0,0,3,3,0,0,0,0,-1,-1,0,0
11,1,6,18,14,MALE,FEMALE,9.00165,28.4279,0,0,0,1,3,0,0,0,0,-1,-1,0,0
12,1,4,15,11,MALE,FEMALE,20.6905,47.9375,0,0,0,3,3,0,0,0,0,-1,-1,0,0
13,1,5,17,14,MALE,FEMALE,33.3501,28.4279,0,0,0,1,3,0,0,0,0,-1,-1,0,0
15,1,12,2,7,MALE,FEMALE,47.36,42.5665,0,0,0,3,1,0,0,0,0,-1,-1,0,0
15,1,2,4,11,MALE,FEMALE,31.1513,47.9375,0,0,0,1,3,0,0,0,0,-1,-1,0,0
17,1,10,8,13,MALE,FEMALE,39.0833,40.4999,0,0,0,2,3,0,0,0,0,-1,-1,0,0
18,1,1,2,9,MALE,FEMALE,47.36,44.3533,0,0,0,3,1,0,0,0,0,-1,-1,0,0
18,1,9,5,13,MALE,FEMALE,48.864,40.4999,0,0,0,3,3,0,0,0,0,-1,-1,0,0
19,1,15,15,16,MALE,FEMALE,20.6905,4.38955,0,0,0,3,3,0,0,0,0,-1,-1,0,0
20,1,6,18,14,MALE,FEMALE,9.00165,28.4279,0,0,0,1,3,0,0,0,0,-1,-1,0,0
20,1,7,21,14,MALE,FEMALE,25.2027,28.4279,0,0,0,1,3,0,0,0,0,-1,-1,0,0
21,1,9,5,13,MALE,FEMALE,48.864,40.4999,0,0,0,3,3,0,0,0,0,-1,-1,0,0
21,1,10,8,13,MALE,FEMALE,39.0833,40.4999,0,0,0,2,3,0,0,0,0,-1,-1,0,0
21,1,7,21,14,MALE,FEMALE,25.2027,28.4279,0,0,0,1,3,0,0,0,0,-1,-1,0,0
22,1,2,4,11,MALE,FEMALE,31.1513,47.9375,0,0,0,1,3,0,0,0,0,-1,-1,0,0
23,1,1,2,9,MALE,FEMALE,47.36,44.3533,0,0,0,3,1,0,0,0,0,-1,-1,0,0
23,1,15,15,16,MALE,FEMALE,20.6905,4.38955,0,0,0,3,3,0,0,0,0,-1,-1,0,0
24,1,8,5,6,MALE,FEMALE,48.864,17.239,0,0,0,3,1,0,0,0,0,-1,-1,0,0
24,1,4,15,11,MALE,FEMALE,20.6905,47.9375,0,0,0,3,3,0,0,0,0,-1,-1,0,0
25,1,15,15,16,MALE,FEMALE,20.6905,4.38955,0,0,0,3,3,0,0,0,0,-1,-1,0,0
25,1,6,18,14,MALE,FEMALE,9.00165,28.4279,0,0,0,1,3,0,0,0,0,-1,-1,0,0
27,1,8,5,6,MALE,FEMALE,48.864,17.239,0,0,0,3,1,0,0,0,0,-1,-1,0,0
27,1,15,15,16,MALE,FEMALE,20.6905,4.38955,0,0,0,3,3,0,0,0,0,-1,-1,0,0
28,1,7,21,14,MALE,FEMALE,25.2027,28.4279,0,0,0,1,3,0,0,0,0,-1,-1,0,0
28,1,7,21,14,MALE,FEMALE,25.2027,28.4279,0,0,0,1,3,0,0,0,0,-1,-1,0,0
29,1,1,2,9,MALE,FEMALE,47.36,44.3533,0,0,0,3,1,0,0,0,0,-1,-1,0,0
29,1,13,2,16,MALE,FEMALE,47.36,4.38955,0,0,0,3,3,0,0,0,0,-1,-1,0,0
30,1,8,5,6,MALE,FEMALE,48.864,17.239,0,0,0,3,1,0,0,0,0,-1,-1,0,0
30,1,15,15,16,MALE,FEMALE,20.6905,4.38955,0,0,0,3,3,0,0,0,0,-1,-1,0,0
31,1,5,17,14,MALE,FEMALE,33.3501,28.4279,0,0,0,1,3,0,0,0,0,-1,-1,0,0
32,1,1,2,9,MALE,FEMALE,47.36,44.3533,0,0,0,3,1,0,0,0,0,-1,-1,0,0
33,1,14,5,16,MALE,FEMALE,48.864,4.38955,0,0,0,3,3,0,0,0,0,-1,-1,0,0
33,1,5,17,14,MALE,FEMALE,33.3501,28.4279,0,0,0,1,3,0,0,0,0,-1,-1,0,0
34,1,13,2,16,MALE,FEMALE,47.36,4.38955,0,0,0,3,3,0,0,0,0,-1,-1,0,0
35,1,12,2,7,MALE,FEMALE,47.36,42.5665,0,0,0,3,1,0,0,0,0,-1,-1,0,0
36,1,12,2,7,MALE,FEMALE,47.36,42.5665,0,0,0,3,1,0,0,0,0,-1,-1,0,0
36,1,3,8,11,MALE,FEMALE,39.0833,47.9375,0,0,0,2,3,0,0,0,0,-1,-1,0,0
36,1,15,15,16,MALE,FEMALE,20.6905,4.38955,0,0,0,3,3,0,0,0,0,-1,-1,0,0
36,1,6,18,14,MALE,FEMALE,9.00165,28.4279,0,0,0,1,3,0,0,0,0,-1,-1,0,0
36,1,7,21,14,MALE,FEMALE,25.2027,28.4279,0,0,0,1,3,0,0,0,0,-1,-1,0,0
37,1,2,4,11,MALE,FEMALE,31.1513,47.9375,0,0,0,1,3,0,0,0,0,-1,-1,0,0
37,1,6,18,14,MALE,FEMALE,9.00165,28.4279,0,0,0,1,3,0,0,0,0,-1,-1,0,0
38,1,12,2,7,MALE,FEMALE,47.36,42.5665,0,0,0,3,1,0,0,0,0,-1,-1,0,0
38,1,2,4,11,MALE,FEMALE,31.1513,47.9375,0,0,0,1,3,0,0,0,0,-1,-1,0,0
38,1,11,15,13,MALE,FEMALE,20.6905,40.4999,0,0,0,3,3,0,0,0,0,-1,-1,0,0
39,1,5,17,14,MALE,FEMALE,33.3501,28.4279,0,0,0,1,3,0,0,0,0,-1,-1,0,0
41,1,1,2,9,MALE,FEMALE,47.36,44.3533,0,0,0,3,1,0,0,0,0,-1,-1,0,0
41,1,15,15,16,MALE,FEMALE,20.6905,4.38955,0,0,0,3,3,0,0,0,0,-1,-1,0,0
42,1,13,2,16,MALE,FEMALE,47.36,4.38955,0,0,0,3,3,0,0,0,0,-1,-1,0,0
45,1,1,2,9,MALE,FEMALE,47.36,44.3533,0,0,0,3,1,0,0,0,0,-1,-1,0,0
45,1,2,4,11,MALE,FEMALE,31.1513,47.9375,0,0,0,1,3,0,0,0,0,-1,-1,0,0
45,1,15,15,16,MALE,FEMALE,20.6905,4.38955,0,0,0,3,3,0,0,0,0,-1,-1,0,0
48,1,1,2,9,MALE,FEMALE,47.36,44.3533,0,0,0,3,1,0,0,0,0,-1,-1,0,0
48,1,10,8,13,MALE,FEMALE,39.0833,40.4999,0,0,0,2,3,0,0,0,0,-1,-1,0,0
48,1,6,18,14,MALE,FEMALE,9.00165,28.4279,0,0,0,1,3,0,0,0,0,-1,-1,0,0
49,1,1,2,9,MALE,FEMALE,47.36,44.3533,0,0,0,3,1,0,0,0,0,-1,-1,0,0
51,1,13,2,16,MALE,FEMALE,47.36,4.38955,0,0,0,3,3,0,0,0,0,-1,-1,0,0
52,1,2,4,11,MALE,FEMALE,31.1513,47.9375,0,0,0,1,3,0,0,0,0,-1,-1,0,0
53,1,13,2,16,MALE,FEMALE,47.36,4.38955,0,0,0,3,3,0,0,0,0,-1,-1,0,0
54,1,4,15,11,MALE,FEMALE,20.6905,47.9375,0,0,0,3,3,0,0,0,0,-1,-1,0,0
55,1,1,2,9,MALE,FEMALE,47.36,44.3533,0,0,0,3,1,0,0,0,0,-1,-1,0,0
55,1,13,2,16,MALE,FEMALE,47.36,4.38955,0,0,0,3,3,0,0,0,0,-1,-1,0,0
55,1,13,2,16,MALE,FEMALE,47.36,4.38955,0,0,0,3,3,0,0,0,0,-1,-1,0,0
55,1,8,5,6,MALE,FEMALE,48.864,17.239,0,0,0,3,1,0,0,0,0,-1,-1,0,0
55,1,3,8,11,MALE,FEMALE,39.0833,47.9375,0,0,0,2,3,0,0,0,0,-1,-1,0,0
58,1,2,4,11,MALE,FEMALE,31.1513,47.9375,0,0,0,1,3,0,0,0,0,-1,-1,0,0
58,1,14,5,16,MALE,FEMALE,48.864,4.38955,0,0,0,3,3,0,0,0,0,-1,-1,0,0
58,1,6,18,14,MALE,FEMALE,9.00165,28.4279,0,0,0,1,3,0,0,0,0,-1,-1,0,0
59,1,13,2,16,MALE,FEMALE,47.36,4.38955,0,0,0,3,3,0,0,0,0,-1,-1,0,0
60,1,2,4,11,MALE,FEMALE,31.1513,47.9375,0,0,0,1,3,0,0,0,0,-1,-1,0,0
60,1,4,15,11,MALE,FEMALE,20.6905,47.9375,0,0,0,3,3,0,0,0,0,-1,-1,0,0
61,1,6,18,14,MALE,FEMALE,9.00165,28.4279,0,0,0,1,3,0,0,0,0,-1,-1,0,0
62,1,3,8,11,MALE,FEMALE,39.0833,47.9375,0,0,0,2,3,0,0,0,0,-1,-1,0,0
62,1,5,17,14,MALE,FEMALE,33.3501,28.4279,0,0,0,1,3,0,0,0,0,-1,-1,0,0
63,1,8,5,6,MALE,FEMALE,48.864,17.239,0,0,0,3,1,0,0,0,0,-1,-1,0,0
65,1,3,8,11,MALE,FEMALE,39.0833,47.9375,0,0,0,2,3,0,0,0,0,-1,-1,0,0
66,1,9,5,13,MALE,FEMALE,48.864,40.4999,0,0,0,3,3,0,0,0,0,-1,-1,0,0
66,1,15,15,16,MALE,FEMALE,20.6905,4.38955,0,0,0,3,3,0,0,0,0,-1,-1,0,0
66,1,5,17,14,MALE,FEMALE,33.3501,28.4279,0,0,0,1,3,0,0,0,0,-1,-1,0,0
66,1,7,21,14,MALE,FEMALE,25.2027,28.4279,0,0,0,1,3,0,0,0,0,-1,-1,0,0
66,1,7,21,14,MALE,FEMALE,25.2027,28.4279,0,0,0,1,3,0,0,0,0,-1,-1,0,0
67,1,13,2,16,MALE,FEMALE,47.36,4.38955,0,0,0,3,3,0,0,0,0,-1,-1,0,0
67,1,11,15,13,MALE,FEMALE,20.6905,40.4999,0,0,0,3,3,0,0,0,0,-1,-1,0,0
68,1,8,5,6,MALE,FEMALE,48.864,17.239,0,0,0,3,1,0,0,0,0,-1,-1,0,0
68,1,3,8,11,MALE,FEMALE,39.0833,47.9375,0,0,0,2,3,0,0,0,0,-1,-1,0,0
69,1,2,4,11,MALE,FEMALE,31.1513,47.9375,0,0,0,1,3,0,0,0,0,-1,-1,0,0
69,1,14,5,16,MALE,FEMALE,48.864,4.38955,0,0,0,3,3,0,0,0,0,-1,-1,0,0
70,1,5,17,14,MALE,FEMALE,33.3501,28.4279,0,0,0,1,3,0,0,0,0,-1,-1,0,0
71,1,11,15,13,MALE,FEMALE,20.6905,40.4999,0,0,0,3,3,0,0,0,0,-1,-1,0,0
72,1,2,4,11,MALE,FEMALE,31.1513,47.9375,0,0,0,1,3,0,0,0,0,-1,-1,0,0
72,1,14,5,16,MALE,FEMALE,48.864,4.38955,0,0,0,3,3,0,0,0,0,-1,-1,0,0
72,1,15,15,16,MALE,FEMALE,20.6905,4.38955,0,0,0,3,3,0,0,0,0,-1,-1,0,0
73,1,8,5,6,MALE,FEMALE,48.864,17.239,0,0,0,3,1,0,0,0,0,-1,-1,0,0
73,1,4,15,11,MALE,FEMALE,20.6905,47.9375,0,0,0,3,3,0,0,0,0,-1,-1,0,0
74,1,1,2,9,MALE,FEMALE,47.36,44.3533,0,0,0,3,1,0,0,0,0,-1,-1,0,0
74,1,4,15,11,MALE,FEMALE,20.6905,47.9375,0,0,0,3,3,0,0,0,0,-1,-1,0,0
74,1,5,17,14,MALE,FEMALE,33.3501,28.4279,0,0,0,1,3,0,0,0,0,-1,-1,0,0
75,1,12,2,7,MALE,FEMALE,47.36,42.5665,0,0,0,3,1,0,0,0,0,-1,-1,0,0
76,1,1,2,9,MALE,FEMALE,47.36,44.3533,0,0,0,3,1,0,0,0,0,-1,-1,0,0
76,1,1,2,9,MALE,FEMALE,47.36,44.3533,0,0,0,3,1,0,0,0,0,-1,-1,0,0
76,1,4,15,11,MALE,FEMALE,20.6905,47.9375,0,0,0,3,3,0,0,0,0,-1,-1,0,0
78,1,8,5,6,MALE,FEMALE,48.864,17.239,0,0,0,3,1,0,0,0,0,-1,-1,0,0
78,1,3,8,11,MALE,FEMALE,39.0833,47.9375,0,0,0,2,3,0,0,0,0,-1,-1,0,0
78,1,10,8,13,MALE,FEMALE,39.0833,40.4999,0,0,0,2,3,0,0,0,0,-1,-1,0,0
78,1,11,15,13,MALE,FEMALE,20.6905,40.4999,0,0,0,3,3,0,0,0,0,-1,-1,0,0
79,1,8,5,6,MALE,FEMALE,48.864,17.239,0,0,0,3,1,0,0,0,0,-1,-1,0,0
79,1,8,5,6,MALE,FEMALE,48.864,17.239,0,0,0,3,1,0,0,0,0,-1,-1,0,0
79,1,4,15,11,MALE,FEMALE,20.6905,47.9375,0,0,0,3,3,0,0,0,0,-1,-1,0,0
79,1,6,18,14,MALE,FEMALE,9.00165,28.4279,0,0,0,1,3,0,0,0,0,-1,-1,0,0
80,1,7,21,14,MALE,FEMALE,25.2027,28.4279,0,0,0,1,3,0,0,0,0,-1,-1,0,0
81,1,9,5,13,MALE,FEMALE,48.864,40.4999,0,0,0,3,3,0,0,0,0,-1,-1,0,0
83,1,14,5,16,MALE,FEMALE,48.864,4.38955,0,0,0,3,3,0,0,0,0,-1,-1,0,0
83,1,10,8,13,MALE,FEMALE,39.0833,40.4999,0,0,0,2,3,0,0,0,0,-1,-1,0,0
83,1,11,15,13,MALE,FEMALE,20.6905,40.4999,0,0,0,3,3,0,0,0,0,-1,-1,0,0
83,1,6,18,14,MALE,FEMALE,9.00165,28.4279,0,0,0,1,3,0,0,0,0,-1,-1,0,0
84,1,12,2,7,MALE,FEMALE,47.36,42.5665,0,0,0,3,1,0,0,0,0,-1,-1,0,0
84,1,9,5,13,MALE,FEMALE,48.864,40.4999,0,0,0,3,3,0,0,0,0,-1,-1,0,0
85,1,13,2,16,MALE,FEMALE,47.36,4.38955,0,0,0,3,3,0,0,0,0,-1,-1,0,0
86,1,2,4,11,MALE,FEMALE,31.1513,47.9375,0,0,0,1,3,0,0,0,0,-1,-1,0,0
87,1,1,2,9,MALE,FEMALE,47.36,44.3533,0,0,0,3,1,0,0,0,0,-1,-1,0,0
88,1,13,2,16,MALE,FEMALE,47.36,4.38955,0,0,0,3,3,0,0,0,0,-1,-1,0,0
88,1,13,2,16,MALE,FEMALE,47.36,4.38955,0,0,0,3,3,0,0,0,0,-1,-1,0,0
88,1,7,21,14,MALE,FEMALE,25.2027,28.4279,0,0,0,1,3,0,0,0,0,-1,-1,0,0
89,1,9,5,13,MALE,FEMALE,48.864,40.4999,0,0,0,3,3,0,0,0,0,-1,-1,0,0
89,1,14,5,16,MALE,FEMALE,48.864,4.38955,0,0,0,3,3,0,0,0,0,-1,-1,0,0
89,1,15,15,16,MALE,FEMALE,20.6905,4.38955,0,0,0,3,3,0,0,0,0,-1,-1,0,0
91,1,11,15,13,MALE,FEMALE,20.6905,40.4999,0,0,0,3,3,0,0,0,0,-1,-1,0,0
92,1,8,5,6,MALE,FEMALE,48.864,17.239,0,0,0,3,1,0,0,0,0,-1,-1,0,0
92,1,4,15,11,MALE,FEMALE,20.6905,47.9375,0,0,0,3,3,0,0,0,0,-1,-1,0,0
94,1,1,2,9,MALE,FEMALE,47.36,44.3533,0,0,0,3,1,0,0,0,0,-1,-1,0,0
94,1,8,5,6,MALE,FEMALE,48.864,17.239,0,0,0,3,1,0,0,0,0,-1,-1,0,0
95,1,1,2,9,MALE,FEMALE,47.36,44.3533,0,0,0,3,1,0,0,0,0,-1,-1,0,0
95,1,13,2,16,MALE,FEMALE,47.36,4.38955,0,0,0,3,3,0,0,0,0,-1,-1,0,0
95,1,14,5,16,MALE,FEMALE,48.864,4.38955,0,0,0,3,3,0,0,0,0,-1,-1,0,0
95,1,6,18,14,MALE,FEMALE,9.00165,28.4279,0,0,0,1,3,0,0,0,0,-1,-1,0,0
95,1,7,21,14,MALE,FEMALE,25.2027,28.4279,0,0,0,1,3,0,0,0,0,-1,-1,0,0
96,1,5,17,14,MALE,FEMALE,33.3501,28.4279,0,0,0,1,3,0,0,0,0,-1,-1,0,0
97,1,1,2,9,MALE,FEMALE,47.36,44.3533,0,0,0,3,1,0,0,0,0,-1,-1,0,0
97,1,1,2,9,MALE,FEMALE,47.36,44.3533,0,0,0,3,1,0,0,0,0,-1,-1,0,0
97,1,9,5,13,MALE,FEMALE,48.864,40.4999,0,0,0,3,3,0,0,0,0,-1,-1,0,0
98,1,8,5,6,MALE,FEMALE,48.864,17.239,0,0,0,3,1,0,0,0,0,-1,-1,0,0
98,1,9,5,13,MALE,FEMALE,48.864,40.4999,0,0,0,3,3,0,0,0,0,-1,-1,0,0
99,1,8,5,6,MALE,FEMALE,48.864,17.239,0,0,0,3,1,0,0,0,0,-1,-1,0,0
99,1,4,15,11,MALE,FEMALE,20.6905,47.9375,0,0,0,3,3,0,0,0,0,-1,-1,0,0
99,1,5,17,14,MALE,FEMALE,33.3501,28.4279,0,0,0,1,3,0,0,0,0,-1,-1,0,0
100,1,9,5,13,MALE,FEMALE,48.864,40.4999,0,0,0,3,3,0,0,0,0,-1,-1,0,0
102,1,6,18,14,MALE,FEMALE,9.00165,28.4279,0,0,0,1,3,0,0,0,0,-1,-1,0,0
103,1,9,5,13,MALE,FEMALE,48.864,40.4999,0,0,0,3,3,0,0,0,0,-1,-1,0,0
103,1,4,15,11,MALE,FEMALE,20.6905,47.9375,0,0,0,3,3,0,0,0,0,-1,-1,0,0
104,1,4,15,11,MALE,FEMALE,20.6905,47.9375,0,0,0,3,3,0,0,0,0,-1,-1,0,0
104,1,6,18,14,MALE,FEMALE,9.00165,28.4279,0,0,0,1,3,0,0,0,0,-1,-1,0,0
105,1,8,5,6,MALE,FEMALE,48.864,17.239,0,0,0,3,1,0,0,0,0,-1,-1,0,0
105,1,14,5,16,MALE,FEMALE,48.864,4.38955,0,0,0,3,3,0,0,0,0,-1,-1,0,0
105,1,5,17,14,MALE,FEMALE,33.3501,28.4279,0,0,0,1,3,0,0,0,0,-1,-1,0,0
106,1,8,5,6,MALE,FEMALE,48.864,17.239,0,0,0,3,1,0,0,0,0,-1,-1,0,0
107,1,15,15,16,MALE,FEMALE,20.6905,4.38955,0,0,0,3,3,0,0,0,0,-1,-1,0,0
108,1,9,5,13,MALE,FEMALE,48.864,40.4999,0,0,0,3,3,0,0,0,0,-1,-1,0,0
108,1,11,15,13,MALE,FEMALE,20.6905,40.4999,0,0,0,3,3,0,0,0,0,-1,-1,0,0
109,1,6,18,14,MALE,FEMALE,9.00165,28.4279,0,0,0,1,3,0,0,0,0,-1,-1,0,0
110,1,1,2,9,MALE,FEMALE,47.36,44.3533,0,0,0,3,1,0,0,0,0,-1,-1,0,0
111,1,3,8,11,MALE,FEMALE,39.0833,47.9375,0,0,0,2,3,0,0,0,0,-1,-1,0,0
112,1,14,5,16,MALE,FEMALE,48.864,4.38955,0,0,0,3,3,0,0,0,0,-1,-1,0,0
113,1,1,2,9,MALE,FEMALE,47.36,44.3533,0,0,0,3,1,0,0,0,0,-1,-1,0,0
113,1,8,5,6,MALE,FEMALE,48.864,17.239,0,0,0,3,1,0,0,0,0,-1,-1,0,0
113,1,8,5,6,MALE,FEMALE,48.864,17.239,0,0,0,3,1,0,0,0,0,-1,-1,0,0
113,1,14,5,16,MALE,FEMALE,48.864,4.38955,0,0,0,3,3,0,0,0,0,-1,-1,0,0
114,1,14,5,16,MALE,FEMALE,48.864,4.38955,0,0,0,3,3,0,0,0,0,-1,-1,0,0
114,1,5,17,14,MALE,FEMALE,33.3501,28.4279,0,0,0,1,3,0,0,0,0,-1,-1,0,0
115,1,13,2,16,MALE,FEMALE,47.36,4.38955,0,0,0,3,3,0,0,0,0,-1,-1,0,0
115,1,9,5,13,MALE,FEMALE,48.864,40.4999,0,0,0,3,3,0,0,0,0,-1,-1,0,0
115,1,3,8,11,MALE,FEMALE,39.0833,47.9375,0,0,0,2,3,0,0,0,0,-1,-1,0,0
115,1,5,17,14,MALE,FEMALE,33.3501,28.4279,0,0,0,1,3,0,0,0,0,-1,-1,0,0
115,1,6,18,14,MALE,FEMALE,9.00165,28.4279,0,0,0,1,3,0,0,0,0,-1,-1,0,0
116,1,3,8,11,MALE,FEMALE,39.0833,47.9375,0,0,0,2,3,0,0,0,0,-1,-1,0,0
116,1,3,8,11,MALE,FEMALE,39.0833,47.9375,0,0,0,2,3,0,0,0,0,-1,-1,0,0
117,1,13,2,16,MALE,FEMALE,47.36,4.38955,0,0,0,3,3,0,0,0,0,-1,-1,0,0
117,1,14,5,16,MALE,FEMALE,48.864,4.38955,0,0,0,3,3,0,0,0,0,-1,-1,0,0
118,1,1,2,9,MALE,FEMALE,47.36,44.3533,0,0,0,3,1,0,0,0,0,-1,-1,0,0
118,1,10,8,13,MALE,FEMALE,39.0833,40.4999,0,0,0,2,3,0,0,0,0,-1,-1,0,0
118,1,15,15,16,MALE,FEMALE,20.6905,4.38955,0,0,0,3,3,0,0,0,0,-1,-1,0,0
119,1,15,15,16,MALE,FEMALE,20.6905,4.38955,0,0,0,3,3,0,0,0,0,-1,-1,0,0
119,1,7,21,14,MALE,FEMALE,25.2027,28.4279,0,0,0,1,3,0,0,0,0,-1,-1,0,0
119,1,7,21,14,MALE,FEMALE,25.2027,28.4279,0,0,0,1,3,0,0,0,0,-1,-1,0,0
120,1,11,15,13,MALE,FEMALE,20.6905,40.4999,0,0,0,3,3,0,0,0,0,-1,-1,0,0
121,1,9,5,13,MALE,FEMALE,48.864,40.4999,0,0,0,3,3,0,0,0,0,-1,-1,0,0
121,1,9,5,13,MALE,FEMALE,48.864,40.4999,0,0,0,3,3,0,0,0,0,-1,-1,0,0
122,1,7,21,14,MALE,FEMALE,25.2027,28.4279,0,0,0,1,3,0,0,0,0,-1,-1,0,0
123,1,7,21,14,MALE,FEMALE,25.2027,28.4279,0,0,0,1,3,0,0,0,0,-1,-1,0,0
124,1,3,8,11,MALE,FEMALE,39.0833,47.9375,0,0,0,2,3,0,0,0,0,-1,-1,0,0
124,1,10,8,13,MALE,FEMALE,39.0833,40.4999,0,0,0,2,3,0,0,0,0,-1,-1,0,0
124,1,10,8,13,MALE,FEMALE,39.0833,40.4999,0,0,0,2,3,0,0,0,0,-1,-1,0,0
124,1,11,15,13,MALE,FEMALE,20.6905,40.4999,0,0,0,3,3,0,0,0,0,-1,-1,0,0
125,1,6,18,14,MALE,FEMALE,9.00165,28.4279,0,0,0,1,3,0,0,0,0,-1,-1,0,0
126,1,14,5,16,MALE,FEMALE,48.864,4.38955,0,0,0,3,3,0,0,0,0,-1,-1,0,0
126,1,11,15,13,MALE,FEMALE,20.6905,40.4999,0,0,0,3,3,0,0,0,0,-1,-1,0,0
126,1,6,18,14,MALE,FEMALE,9.00165,28.4279,0,0,0,1,3,0,0,0,0,-1,-1,0,0
127,1,1,2,9,MALE,FEMALE,47.36,44.3533,0,0,0,3,1,0,0,0,0,-1,-1,0,0
127,1,4,15,11,MALE,FEMALE,20.6905,47.9375,0,0,0,3,3,0,0,0,0,-1,-1,0,0
128,1,12,2,7,MALE,FEMALE,47.36,42.5665,0,0,0,3,1,0,0,0,0,-1,-1,0,0
130,1,2,4,11,MALE,FEMALE,31.1513,47.9375,0,0,0,1,3,0,0,0,0,-1,-1,0,0
130,1,6,18,14,MALE,FEMALE,9.00165,28.4279,0,0,0,1,3,0,0,0,0,-1,-1,0,0
131,1,11,15,13,MALE,FEMALE,20.6905,40.4999,0,0,0,3,3,0,0,0,0,-1,-1,0,0
132,1,2,4,11,MALE,FEMALE,31.1513,47.9375,0,0,0,1,3,0,0,0,0,-1,-1,0,0
133,1,13,2,16,MALE,FEMALE,47.36,4.38955,0,0,0,3,3,0,0,0,0,-1,-1,0,0
133,1,11,15,13,MALE,FEMALE,20.6905,40.4999,0,0,0,3,3,0,0,0,0,-1,-1,0,0
134,1,4,15,11,MALE,FEMALE,20.6905,47.9375,0,0,0,3,3,0,0,0,0,-1,-1,0,0
136,1,12,2,7,MALE,FEMALE,47.36,42.5665,0,0,0,3,1,0,0,0,0,-1,-1,0,0
136,1,13,2,16,MALE,FEMALE,47.36,4.38955,0,0,0,3,3,0,0,0,0,-1,-1,0,0
136,1,14,5,16,MALE,FEMALE,48.864,4.38955,0,0,0,3,3,0,0,0,0,-1,-1,0,0
137,1,7,21,14,MALE,FEMALE,25.2027,28.4279,0,0,0,1,3,0,0,0,0,-1,-1,0,0
138,1,10,8,13,MALE,FEMALE,39.0833,40.4999,0,0,0,2,3,0,0,0,0,-1,-1,0,0
138,1,5,17,14,MALE,FEMALE,33.3501,28.4279,0,0,0,1,3,0,0,0,0,-1,-1,0,0
139,1,10,8,13,MALE,FEMALE,39.0833,40.4999,0,0,0,2,3,0,0,0,0,-1,-1,0,0
139,1,15,15,16,MALE,FEMALE,20.6905,4.38955,0,0,0,3,3,0,0,0,0,-1,-1,0,0
140,1,9,5,13,MALE,FEMALE,48.864,40.4999,0,0,0,3,3,0,0,0,0,-1,-1,0,0
141,1,11,15,13,MALE,FEMALE,20.6905,40.4999,0,0,0,3,3,0,0,0,0,-1,-1,0,0
142,1,8,5,6,MALE,FEMALE,48.864,17.239,0,0,0,3,1,0,0,0,0,-1,-1,0,0
142,1,11,15,13,MALE,FEMALE,20.6905,40.4999,0,0,0,3,3,0,0,0,0,-1,-1,0,0
143,1,2,4,11,MALE,FEMALE,31.1513,47.9375,0,0,0,1,3,0,0,0,0,-1,-1,0,0
144,1,12,2,7,MALE,FEMALE,47.36,42.5665,0,0,0,3,1,0,0,0,0,-1,-1,0,0
144,1,12,2,7,MALE,FEMALE,47.36,42.5665,0,0,0,3,1,0,0,0,0,-1,-1,0,0
144,1,7,21,14,MALE,FEMALE,25.2027,28.4279,0,0,0,1,3,0,0,0,0,-1,-1,0,0
145,1,9,5,13,MALE,FEMALE,48.864,40.4999,0,0,0,3,3,0,0,0,0,-1,-1,0,0
145,1,3,8,11,MALE,FEMALE,39.0833,47.9375,0,0,0,2,3,0,0,0,0,-1,-1,0,0
148,1,1,2,9,MALE,FEMALE,47.36,44.3533,0,0,0,3,1,0,0,0,0,-1,-1,0,0
148,1,14,5,16,MALE,FEMALE,48.864,4.38955,0,0,0,3,3,0,0,0,0,-1,-1,0,0
148,1,4,15,11,MALE,FEMALE,20.6905,47.9375,0,0,0,3,3,0,0,0,0,-1,-1,0,0
149,1,1,2,9,MALE,FEMALE,47.36,44.3533,0,0,0,3,1,0,0,0,0,-1,-1,0,0
149,1,11,15,13,MALE,FEMALE,20.6905,40.4999,0,0,0,3,3,0,0,0,0,-1,-1,0,0
150,1,5,17,14,MALE,FEMALE,33.3501,28.4279,0,0,0,1,3,0,0,0,0,-1,-1,0,0
150,1,6,18,14,MALE,FEMALE,9.00165,28.4279,0,0,0,1,3,0,0,0,0,-1,-1,0,0
151,1,12,2,7,MALE,FEMALE,47.36,42.5665,0,0,0,3,1,0,0,0,0,-1,-1,0,0
151,1,10,8,13,MALE,FEMALE,39.0833,40.4999,0,0,0,2,3,0,0,0,0,-1,-1,0,0
153,1,11,15,13,MALE,FEMALE,20.6905,40.4999,0,0,0,3,3,0,0,0,0,-1,-1,0,0
154,1,8,5,6,MALE,FEMALE,48.864,17.239,0,0,0,3,1,0,0,0,0,-1,-1,0,0
154,1,7,21,14,MALE,FEMALE,25.2027,28.4279,0,0,0,1,3,0,0,0,0,-1,-1,0,0
155,1,12,2,7,MALE,FEMALE,47.36,42.5665,0,0,0,3,1,0,0,0,0,-1,-1,0,0
156,1,14,5,16,MALE,FEMALE,48.864,4.38955,0,0,0,3,3,0,0,0,0,-1,-1,0,0
157,1,2,4,11,MALE,FEMALE,31.1513,47.9375,0,0,0,1,3,0,0,0,0,-1,-1,0,0
157,1,6,18,14,MALE,FEMALE,9.00165,28.4279,0,0,0,1,3,0,0,0,0,-1,-1,0,0
158,1,14,5,16,MALE,FEMALE,48.864,4.38955,0,0,0,3,3,0,0,0,0,-1,-1,0,0
158,1,5,17,14,MALE,FEMALE,33.3501,28.4279,0,0,0,1,3,0,0,0,0,-1,-1,0,0
159,1,12,2,7,MALE,FEMALE,47.36,42.5665,0,0,0,3,1,0,0,0,0,-1,-1,0,0
159,1,14,5,16,MALE,FEMALE,48.864,4.38955,0,0,0,3,3,0,0,0,0,-1,-1,0,0
159,1,7,21,14,MALE,FEMALE,25.2027,28.4279,0,0,0,1,3,0,0,0,0,-1,-1,0,0
160,1,12,2,7,MALE,FEMALE,47.36,42.5665,0,0,0,3,1,0,0,0,0,-1,-1,0,0
160,1,10,8,13,MALE,FEMALE,39.0833,40.4999,0,0,0,2,3,0,0,0,0,-1,-1,0,0
160,1,7,21,14,MALE,FEMALE,25.2027,28.4279,0,0,0,1,3,0,0,0,0,-1,-1,0,0
161,1,13,2,16,MALE,FEMALE,47.36,4.38955,0,0,0,3,3,0,0,0,0,-1,-1,0,0
161,1,3,8,11,MALE,FEMALE,39.0833,47.9375,0,0,0,2,3,0,0,0,0,-1,-1,0,0
164,1,4,15,11,MALE,FEMALE,20.6905,47.9375,0,0,0,3,3,0,0,0,0,-1,-1,0,0
164,1,4,15,11,MALE,FEMALE,20.6905,47.9375,0,0,0,3,3,0,0,0,0,-1,-1,0,0
164,1,6,18,14,MALE,FEMALE,9.00165,28.4279,0,0,0,1,3,0,0,0,0,-1,-1,0,0
165,1,1,2,9,MALE,FEMALE,47.36,44.3533,0,0,0,3,1,0,0,0,0,-1,-1,0,0
165,1,10,8,13,MALE,FEMALE,39.0833,40.4999,0,0,0,2,3,0,0,0,0,-1,-1,0,0
167,1,12,2,7,MALE,FEMALE,47.36,42.5665,0,0,0,3,1,0,0,0,0,-1,-1,0,0
170,1,1,2,9,MALE,FEMALE,47.36,44.3533,0,0,0,3,1,0,0,0,0,-1,-1,0,0
170,1,13,2,16,MALE,FEMALE,47.36,4.38955,0,0,0,3,3,0,0,0,0,-1,-1,0,0
171,1,13,2,16,MALE,FEMALE,47.36,4.38955,0,0,0,3,3,0,0,0,0,-1,-1,0,0
171,1,2,4,11,MALE,FEMALE,31.1513,47.9375,0,0,0,1,3,0,0,0,0,-1,-1,0,0
171,1,14,5,16,MALE,FEMALE,48.864,4.38955,0,0,0,3,3,0,0,0,0,-1,-1,0,0
172,1,1,2,9,MALE,FEMALE,47.36,44.3533,0,0,0,3,1,0,0,0,0,-1,-1,0,0
172,1,14,5,16,MALE,FEMALE,48.864,4.38955,0,0,0,3,3,0,0,0,0,-1,-1,0,0
172,1,3,8,11,MALE,FEMALE,39.0833,47.9375,0,0,0,2,3,0,0,0,0,-1,-1,0,0
174,1,15,15,16,MALE,FEMALE,20.6905,4.38955,0,0,0,3,3,0,0,0,0,-1,-1,0,0
177,1,12,2,7,MALE,FEMALE,47.36,42.5665,0,0,0,3,1,0,0,0,0,-1,-1,0,0
178,1,11,15,13,MALE,FEMALE,20.6905,40.4999,0,0,0,3,3,0,0,0,0,-1,-1,0,0
179,1,2,4,11,MALE,FEMALE,31.1513,47.9375,0,0,0,1,3,0,0,0,0,-1,-1,0,0
179,1,5,17,14,MALE,FEMALE,33.3501,28.4279,0,0,0,1,3,0,0,0,0,-1,-1,0,0
179,1,6,18,14,MALE,FEMALE,9.00165,28.4279,0,0,0,1,3,0,0,0,0,-1,-1,0,0
180,1,8,5,6,MALE,FEMALE,48.864,17.239,0,0,0,3,1,0,0,0,0,-1,-1,0,0
181,1,12,2,7,MALE,FEMALE,47.36,42.5665,0,0,0,3,1,0,0,0,0,-1,-1,0,0
181,1,10,8,13,MALE,FEMALE,39.0833,40.4999,0,0,0,2,3,0,0,0,0,-1,-1,0,0
182,1,4,15,11,MALE,FEMALE,20.6905,47.9375,0,0,0,3,3,0,0,0,0,-1,-1,0,0
182,1,6,18,14,MALE,FEMALE,9.00165,28.4279,0,0,0,1,3,0,0,0,0,-1,-1,0,0
184,1,10,8,13,MALE,FEMALE,39.0833,40.4999,0,0,0,2,3,0,0,0,0,-1,-1,0,0
184,1,11,15,13,MALE,FEMALE,20.6905,40.4999,0,0,0,3,3,0,0,0,0,-1,-1,0,0
184,1,6,18,14,MALE,FEMALE,9.00165,28.4279,0,0,0,1,3,0,0,0,0,-1,-1,0,0
185,1,13,2,16,MALE,FEMALE,47.36,4.38955,0,0,0,3,3,0,0,0,0,-1,-1,0,0
185,1,8,5,6,MALE,FEMALE,48.864,17.239,0,0,0,3,1,0,0,0,0,-1,-1,0,0
185,1,10,8,13,MALE,FEMALE,39.0833,40.4999,0,0,0,2,3,0,0,0,0,-1,-1,0,0
185,1,4,15,11,MALE,FEMALE,20.6905,47.9375,0,0,0,3,3,0,0,0,0,-1,-1,0,0
186,1,8,5,6,MALE,FEMALE,48.864,17.239,0,0,0,3,1,0,0,0,0,-1,-1,0,0
186,1,9,5,13,MALE,FEMALE,48.864,40.4999,0,0,0,3,3,0,0,0,0,-1,-1,0,0
186,1,10,8,13,MALE,FEMALE,39.0833,40.4999,0,0,0,2,3,0,0,0,0,-1,-1,0,0
186,1,11,15,13,MALE,FEMALE,20.6905,40.4999,0,0,0,3,3,0,0,0,0,-1,-1,0,0
187,1,11,15,13,MALE,FEMALE,20.6905,40.4999,0,0,0,3,3,0,0,0,0,-1,-1,0,0
188,1,15,15,16,MALE,FEMALE,20.6905,4.38955,0,0,0,3,3,0,0,0,0,-1,-1,0,0
191,1,2,4,11,MALE,FEMALE,31.1513,47.9375,0,0,0,1,3,0,0,0,0,-1,-1,0,0
193,1,2,4,11,MALE,FEMALE,31.1513,47.9375,0,0,0,1,3,0,0,0,0,-1,-1,0,0
193,1,5,17,14,MALE,FEMALE,33.3501,28.4279,0,0,0,1,3,0,0,0,0,-1,-1,0,0
194,1,7,21,14,MALE,FEMALE,25.2027,28.4279,0,0,0,1,3,0,0,0,0,-1,-1,0,0
195,1,8,5,6,MALE,FEMALE,48.864,17.239,0,0,0,3,1,0,0,0,0,-1,-1,0,0
196,1,1,2,9,MALE,FEMALE,47.36,44.3533,0,0,0,3,1,0,0,0,0,-1,-1,0,0
198,1,10,8,13,MALE,FEMALE,39.0833,40.4999,0,0,0,2,3,0,0,0,0,-1,-1,0,0
198,1,4,15,11,MALE,FEMALE,20.6905,47.9375,0,0,0,3,3,0,0,0,0,-1,-1,0,0
198,1,6,18,14,MALE,FEMALE,9.00165,28.4279,0,0,0,1,3,0,0,0,0,-1,-1,0,0
199,1,9,5,13,MALE,FEMALE,48.864,40.4999,0,0,0,3,3,0,0,0,0,-1,-1,0,0
200,1,1,2,9,MALE,FEMALE,47.36,44.3533,0,0,0,3,1,0,0,0,0,-1,-1,0,0
200,1,4,15,11,MALE,FEMALE,20.6905,47.9375,0,0,0,3,3,0,0,0,0,-1,-1,0,0
200,1,6,18,14,MALE,FEMALE,9.00165,28.4279,0,0,0,1,3,0,0,0,0,-1,-1,0,0
200,1,7,21,14,MALE,FEMALE,25.2027,28.4279,0,0,0,1,3,0,0,0,0,-1,-1,0,0
202,1,11,15,13,MALE,FEMALE,20.6905,40.4999,0,0,0,3,3,0,0,0,0,-1,-1,0,0
202,1,11,15,13,MALE,FEMALE,20.6905,40.4999,0,0,0,3,3,0,0,0,0,-1,-1,0,0
202,1,5,17,14,MALE,FEMALE,33.3501,28.4279,0,0,0,1,3,0,0,0,0,-1,-1,0,0
203,1,1,2,9,MALE,FEMALE,47.36,44.3533,0,0,0,3,1,0,0,0,0,-1,-1,0,0
204,1,8,5,6,MALE,FEMALE,48.864,17.239,0,0,0,3,1,0,0,0,0,-1,-1,0,0
204,1,6,18,14,MALE,FEMALE,9.00165,28.4279,0,0,0,1,3,0,0,0,0,-1,-1,0,0
205,1,3,8,11,MALE,FEMALE,39.0833,47.9375,0,0,0,2,3,0,0,0,0,-1,-1,0,0
205,1,4,15,11,MALE,FEMALE,20.6905,47.9375,0,0,0,3,3,0,0,0,0,-1,-1,0,0
205,1,7,21,14,MALE,FEMALE,25.2027,28.4279,0,0,0,1,3,0,0,0,0,-1,-1,0,0
207,1,13,2,16,MALE,FEMALE,47.36,4.38955,0,0,0,3,3,0,0,0,0,-1,-1,0,0
207,1,8,5,6,MALE,FEMALE,48.864,17.239,0,0,0,3,1,0,0,0,0,-1,-1,0,0
209,1,8,5,6,MALE,FEMALE,48.864,17.239,0,0,0,3,1,0,0,0,0,-1,-1,0,0
209,1,7,21,14,MALE,FEMALE,25.2027,28.4279,0,0,0,1,3,0,0,0,0,-1,-1,0,0
210,1,3,8,11,MALE,FEMALE,39.0833,47.9375,0,0,0,2,3,0,0,0,0,-1,-1,0,0
211,1,13,2,16,MALE,FEMALE,47.36,4.38955,0,0,0,3,3,0,0,0,0,-1,-1,0,0
211,1,14,5,16,MALE,FEMALE,48.864,4.38955,0,0,0,3,3,0,0,0,0,-1,-1,0,0
211,1,7,21,14,MALE,FEMALE,25.2027,28.4279,0,0,0,1,3,0,0,0,0,-1,-1,0,0
212,1,10,8,13,MALE,FEMALE,39.0833,40.4999,0,0,0,2,3,0,0,0,0,-1,-1,0,0
214,1,15,15,16,MALE,FEMALE,20.6905,4.38955,0,0,0,3,3,0,0,0,0,-1,-1,0,0
215,1,3,8,11,MALE,FEMALE,39.0833,47.9375,0,0,0,2,3,0,0,0,0,-1,-1,0,0
216,1,12,2,7,MALE,FEMALE,47.36,42.5665,0,0,0,3,1,0,0,0,0,-1,-1,0,0
216,1,12,2,7,MALE,FEMALE,47.36,42.5665,0,0,0,3,1,0,0,0,0,-1,-1,0,0
216,1,13,2,16,MALE,FEMALE,47.36,4.38955,0,0,0,3,3,0,0,0,0,-1,-1,0,0
216,1,3,8,11,MALE,FEMALE,39.0833,47.9375,0,0,0,2,3,0,0,0,0,-1,-1,0,0
217,1,12,2,7,MALE,FEMALE,47.36,42.5665,0,0,0,3,1,0,0,0,0,-1,-1,0,0
217,1,2,4,11,MALE,FEMALE,31.1513,47.9375,0,0,0,1,3,0,0,0,0,-1,-1,0,0
218,1,8,5,6,MALE,FEMALE,48.864,17.239,0,0,0,3,1,0,0,0,0,-1,-1,0,0
219,1,12,2,7,MALE,FEMALE,47.36,42.5665,0,0,0,3,1,0,0,0,0,-1,-1,0,0
219,1,13,2,16,MALE,FEMALE,47.36,4.38955,0,0,0,3,3,0,0,0,0,-1,-1,0,0
219,1,4,15,11,MALE,FEMALE,20.6905,47.9375,0,0,0,3,3,0,0,0,0,-1,-1,0,0
219,1,4,15,11,MALE,FEMALE,20.6905,47.9375,0,0,0,3,3,0,0,0,0,-1,-1,0,0
219,1,4,15,11,MALE,FEMALE,20.6905,47.9375,0,0,0,3,3,0,0,0,0,-1,-1,0,0
220,1,1,2,9,MALE,FEMALE,47.36,44.3533,0,0,0,3,1,0,0,0,0,-1,-1,0,0
220,1,15,15,16,MALE,FEMALE,20.6905,4.38955,0,0,0,3,3,0,0,0,0,-1,-1,0,0
222,1,12,2,7,MALE,FEMALE,47.36,42.5665,0,0,0,3,1,0,0,0,0,-1,-1,0,0
222,1,9,5,13,MALE,FEMALE,48.864,40.4999,0,0,0,3,3,0,0,0,0,-1,-1,0,0
222,1,10,8,13,MALE,FEMALE,39.0833,40.4999,0,0,0,2,3,0,0,0,0,-1,-1,0,0
222,1,11,15,13,MALE,FEMALE,20.6905,40.4999,0,0,0,3,3,0,0,0,0,-1,-1,0,0
222,1,5,17,14,MALE,FEMALE,33.3501,28.4279,0,0,0,1,3,0,0,0,0,-1,-1,0,0
222,1,6,18,14,MALE,FEMALE,9.00165,28.4279,0,0,0,1,3,0,0,0,0,-1,-1,0,0
223,1,14,5,16,MALE,FEMALE,48.864,4.38955,0,0,0,3,3,0,0,0,0,-1,-1,0,0
224,1,6,18,14,MALE,FEMALE,9.00165,28.4279,0,0,0,1,3,0,0,0,0,-1,-1,0,0
225,1,3,8,11,MALE,FEMALE,39.0833,47.9375,0,0,0,2,3,0,0,0,0,-1,-1,0,0
226,1,15,15,16,MALE,FEMALE,20.6905,4.38955,0,0,0,3,3,0,0,0,0,-1,-1,0,0
227,1,4,15,11,MALE,FEMALE,20.6905,47.9375,0,0,0,3,3,0,0,0,0,-1,-1,0,0
227,1,5,17,14,MALE,FEMALE,33.3501,28.4279,0,0,0,1,3,0,0,0,0,-1,-1,0,0
227,1,7,21,14,MALE,FEMALE,25.2027,28.4279,0,0,0,1,3,0,0,0,0,-1,-1,0,0
228,1,11,15,13,MALE,FEMALE,20.6905,40.4999,0,0,0,3,3,0,0,0,0,-1,-1,0,0
229,1,3,8,11,MALE,FEMALE,39.0833,47.9375,0,0,0,2,3,0,0,0,0,-1,-1,0,0
229,1,15,15,16,MALE,FEMALE,20.6905,4.38955,0,0,0,3,3,0,0,0,0,-1,-1,0,0
229,1,15,15,16,MALE,FEMALE,20.6905,4.38955,0,0,0,3,3,0,0,0,0,-1,-1,0,0
230,1,8,5,6,MALE,FEMALE,48.864,17.239,0,0,0,3,1,0,0,0,0,-1,-1,0,0
230,1,14,5,16,MALE,FEMALE,48.864,4.38955,0,0,0,3,3,0,0,0,0,-1,-1,0,0
230,1,11,15,13,MALE,FEMALE,20.6905,40.4999,0,0,0,3,3,0,0,0,0,-1,-1,0,0
231,1,4,15,11,MALE,FEMALE,20.6905,47.9375,0,0,0,3,3,0,0,0,0,-1,-1,0,0
231,1,11,15,13,MALE,FEMALE,20.6905,40.4999,0,0,0,3,3,0,0,0,0,-1,-1,0,0
233,1,2,4,11,MALE,FEMALE,31.1513,47.9375,0,0,0,1,3,0,0,0,0,-1,-1,0,0
233,1,15,15,16,MALE,FEMALE,20.6905,4.38955,0,0,0,3,3,0,0,0,0,-1,-1,0,0
233,1,5,17,14,MALE,FEMALE,33.3501,28.4279,0,0,0,1,3,0,0,0,0,-1,-1,0,0
233,1,5,17,14,MALE,FEMALE,33.3501,28.4279,0,0,0,1,3,0,0,0,0,-1,-1,0,0
233,1,6,18,14,MALE,FEMALE,9.00165,28.4279,0,0,0,1,3,0,0,0,0,-1,-1,0,0
233,1,6,18,14,MALE,FEMALE,9.00165,28.4279,0,0,0,1,3,0,0,0,0,-1,-1,0,0
234,1,13,2,16,MALE,FEMALE,47.36,4.38955,0,0,0,3,3,0,0,0,0,-1,-1,0,0
234,1,14,5,16,MALE,FEMALE,48.864,4.38955,0,0,0,3,3,0,0,0,0,-1,-1,0,0
234,1,15,15,16,MALE,FEMALE,20.6905,4.38955,0,0,0,3,3,0,0,0,0,-1,-1,0,0
235,1,12,2,7,MALE,FEMALE,47.36,42.5665,0,0,0,3,1,0,0,0,0,-1,-1,0,0
236,1,5,17,14,MALE,FEMALE,33.3501,28.4279,0,0,0,1,3,0,0,0,0,-1,-1,0,0
236,1,7,21,14,MALE,FEMALE,25.2027,28.4279,0,0,0,1,3,0,0,0,0,-1,-1,0,0
238,1,12,2,7,MALE,FEMALE,47.36,42.5665,0,0,0,3,1,0,0,0,0,-1,-1,0,0
238,1,8,5,6,MALE,FEMALE,48.864,17.239,0,0,0,3,1,0,0,0,0,-1,-1,0,0
239,1,1,2,9,MALE,FEMALE,47.36,44.3533,0,0,0,3,1,0,0,0,0,-1,-1,0,0
240,1,11,15,13,MALE,FEMALE,20.6905,40.4999,0,0,0,3,3,0,0,0,0,-1,-1,0,0
240,1,7,21,14,MALE,FEMALE,25.2027,28.4279,0,0,0,1,3,0,0,0,0,-1,-1,0,0
240,1,7,21,14,MALE,FEMALE,25.2027,28.4279,0,0,0,1,3,0,0,0,0,-1,-1,0,0
241,1,2,4,11,MALE,FEMALE,31.1513,47.9375,0,0,0,1,3,0,0,0,0,-1,-1,0,0
241,1,3,8,11,MALE,FEMALE,39.0833,47.9375,0,0,0,2,3,0,0,0,0,-1,-1,0,0
242,1,1,2,9,MALE,FEMALE,47.36,44.3533,0,0,0,3,1,0,0,0,0,-1,-1,0,0
242,1,4,15,11,MALE,FEMALE,20.6905,47.9375,0,0,0,3,3,0,0,0,0,-1,-1,0,0
243,1,10,8,13,MALE,FEMALE,39.0833,40.4999,0,0,0,2,3,0,0,0,0,-1,-1,0,0
244,1,3,8,11,MALE,FEMALE,39.0833,47.9375,0,0,0,2,3,0,0,0,0,-1,-1,0,0
244,1,10,8,13,MALE,FEMALE,39.0833,40.4999,0,0,0,2,3,0,0,0,0,-1,-1,0,0
244,1,11,15,13,MALE,FEMALE,20.6905,40.4999,0,0,0,3,3,0,0,0,0,-1,-1,0,0
244,1,7,21,14,MALE,FEMALE,25.2027,28.4279,0,0,0,1,3,0,0,0,0,-1,-1,0,0
246,1,10,8,13,MALE,FEMALE,39.0833,40.4999,0,0,0,2,3,0,0,0,0,-1,-1,0,0
247,1,2,4,11,MALE,FEMALE,31.1513,47.9375,0,0,0,1,3,0,0,0,0,-1,-1,0,0
247,1,7,21,14,MALE,FEMALE,25.2027,28.4279,0,0,0,1,3,0,0,0,0,-1,-1,0,0
248,1,13,2,16,MALE,FEMALE,47.36,4.38955,0,0,0,3,3,0,0,0,0,-1,-1,0,0
248,1,4,15,11,MALE,FEMALE,20.6905,47.9375,0,0,0,3,3,0,0,0,0,-1,-1,0,0
248,1,4,15,11,MALE,FEMALE,20.6905,47.9375,0,0,0,3,3,0,0,0,0,-1,-1,0,0
249,1,1,2,9,MALE,FEMALE,47.36,44.3533,0,0,0,3,1,0,0,0,0,-1,-1,0,0
249,1,9,5,13,MALE,FEMALE,48.864,40.4999,0,0,0,3,3,0,0,0,0,-1,-1,0,0
249,1,14,5,16,MALE,FEMALE,48.864,4.38955,0,0,0,3,3,0,0,0,0,-1,-1,0,0
249,1,3,8,11,MALE,FEMALE,39.0833,47.9375,0,0,0,2,3,0,0,0,0,-1,-1,0,0
249,1,10,8,13,MALE,FEMALE,39.0833,40.4999,0,0,0,2,3,0,0,0,0,-1,-1,0,0
249,1,15,15,16,MALE,FEMALE,20.6905,4.38955,0,0,0,3,3,0,0,0,0,-1,-1,0,0
250,1,4,15,11,MALE,FEMALE,20.6905,47.9375,0,0,0,3,3,0,0,0,0,-1,-1,0,0
251,1,10,8,13,MALE,FEMALE,39.0833,40.4999,0,0,0,2,3,0,0,0,0,-1,-1,0,0
252,1,12,2,7,MALE,FEMALE,47.36,42.5665,0,0,0,3,1,0,0,0,0,-1,-1,0,0
252,1,8,5,6,MALE,FEMALE,48.864,17.239,0,0,0,3,1,0,0,0,0,-1,-1,0,0
253,1,13,2,16,MALE,FEMALE,47.36,4.38955,0,0,0,3,3,0,0,0,0,-1,-1,0,0
254,1,8,5,6,MALE,FEMALE,48.864,17.239,0,0,0,3,1,0,0,0,0,-1,-1,0,0
254,1,15,15,16,MALE,FEMALE,20.6905,4.38955,0,0,0,3,3,0,0,0,0,-1,-1,0,0
255,1,1,2,9,MALE,FEMALE,47.36,44.3533,0,0,0,3,1,0,0,0,0,-1,-1,0,0
255,1,15,15,16,MALE,FEMALE,20.6905,4.38955,0,0,0,3,3,0,0,0,0,-1,-1,0,0
256,1,2,4,11,MALE,FEMALE,31.1513,47.9375,0,0,0,1,3,0,0,0,0,-1,-1,0,0
256,1,10,8,13,MALE,FEMALE,39.0833,40.4999,0,0,0,2,3,0,0,0,0,-1,-1,0,0
256,1,7,21,14,MALE,FEMALE,25.2027,28.4279,0,0,0,1,3,0,0,0,0,-1,-1,0,0
258,1,8,5,6,MALE,FEMALE,48.864,17.239,0,0,0,3,1,0,0,0,0,-1,-1,0,0
259,1,14,5,16,MALE,FEMALE,48.864,4.38955,0,0,0,3,3,0,0,0,0,-1,-1,0,0
259,1,4,15,11,MALE,FEMALE,20.6905,47.9375,0,0,0,3,3,0,0,0,0,-1,-1,0,0
262,1,12,2,7,MALE,FEMALE,47.36,42.5665,0,0,0,3,1,0,0,0,0,-1,-1,0,0
262,1,6,18,14,MALE,FEMALE,9.00165,28.4279,0,0,0,1,3,0,0,0,0,-1,-1,0,0
263,1,2,4,11,MALE,FEMALE,31.1513,47.9375,0,0,0,1,3,0,0,0,0,-1,-1,0,0
264,1,10,8,13,MALE,FEMALE,39.0833,40.4999,0,0,0,2,3,0,0,0,0,-1,-1,0,0
264,1,4,15,11,MALE,FEMALE,20.6905,47.9375,0,0,0,3,3,0,0,0,0,-1,-1,0,0
265,1,8,5,6,MALE,FEMALE,48.864,17.239,0,0,0,3,1,0,0,0,0,-1,-1,0,0
265,1,14,5,16,MALE,FEMALE,48.864,4.38955,0,0,0,3,3,0,0,0,0,-1,-1,0,0
265,1,15,15,16,MALE,FEMALE,20.6905,4.38955,0,0,0,3,3,0,0,0,0,-1,-1,0,0
265,1,7,21,14,MALE,FEMALE,25.2027,28.4279,0,0,0,1,3,0,0,0,0,-1,-1,0,0
266,1,1,2,9,MALE,FEMALE,47.36,44.3533,0,0,0,3,1,0,0,0,0,-1,-1,0,0
266,1,2,4,11,MALE,FEMALE,31.1513,47.9375,0,0,0,1,3,0,0,0,0,-1,-1,0,0
266,1,6,18,14,MALE,FEMALE,9.00165,28.4279,0,0,0,1,3,0,0,0,0,-1,-1,0,0
267,1,9,5,13,MALE,FEMALE,48.864,40.4999,0,0,0,3,3,0,0,0,0,-1,-1,0,0
267,1,7,21,14,MALE,FEMALE,25.2027,28.4279,0,0,0,1,3,0,0,0,0,-1,-1,0,0
268,1,3,8,11,MALE,FEMALE,39.0833,47.9375,0,0,0,2,3,0,0,0,0,-1,-1,0,0
269,1,2,4,11,MALE,FEMALE,31.1513,47.9375,0,0,0,1,3,0,0,0,0,-1,-1,0,0
269,1,8,5,6,MALE,FEMALE,48.864,17.239,0,0,0,3,1,0,0,0,0,-1,-1,0,0
270,1,2,4,11,MALE,FEMALE,31.1513,47.9375,0,0,0,1,3,0,0,0,0,-1,-1,0,0
270,1,2,4,11,MALE,FEMALE,31.1513,47.9375,0,0,0,1,3,0,0,0,0,-1,-1,0,0
270,1,9,5,13,MALE,FEMALE,48.864,40.4999,0,0,0,3,3,0,0,0,0,-1,-1,0,0
270,1,10,8,13,MALE,FEMALE,39.0833,40.4999,0,0,0,2,3,0,0,0,0,-1,-1,0,0
272,1,9,5,13,MALE,FEMALE,48.864,40.4999,0,0,0,3,3,0,0,0,0,-1,-1,0,0
272,1,4,15,11,MALE,FEMALE,20.6905,47.9375,0,0,0,3,3,0,0,0,0,-1,-1,0,0
272,1,4,15,11,MALE,FEMALE,20.6905,47.9375,0,0,0,3,3,0,0,0,0,-1,-1,0,0
273,1,11,15,13,MALE,FEMALE,20.6905,40.4999,0,0,0,3,3,0,0,0,0,-1,-1,0,0
273,1,6,18,14,MALE,FEMALE,9.00165,28.4279,0,0,0,1,3,0,0,0,0,-1,-1,0,0
274,1,15,15,16,MALE,FEMALE,20.6905,4.38955,0,0,0,3,3,0,0,0,0,-1,-1,0,0
274,1,15,15,16,MALE,FEMALE,20.6905,4.38955,0,0,0,3,3,0,0,0,0,-1,-1,0,0
276,1,13,2,16,MALE,FEMALE,47.36,4.38955,0,0,0,3,3,0,0,0,0,-1,-1,0,0
276,1,5,17,14,MALE,FEMALE,33.3501,28.4279,0,0,0,1,3,0,0,0,0,-1,-1,0,0
277,1,12,2,7,MALE,FEMALE,47.36,42.5665,0,0,0,3,1,0,0,0,0,-1,-1,0,0
277,1,8,5,6,MALE,FEMALE,48.864,17.239,0,0,0,3,1,0,0,0,0,-1,-1,0,0
277,1,14,5,16,MALE,FEMALE,48.864,4.38955,0,0,0,3,3,0,0,0,0,-1,-1,0,0
277,1,10,8,13,MALE,FEMALE,39.0833,40.4999,0,0,0,2,3,0,0,0,0,-1,-1,0,0
280,1,9,5,13,MALE,FEMALE,48.864,40.4999,0,0,0,3,3,0,0,0,0,-1,-1,0,0
280,1,4,15,11,MALE,FEMALE,20.6905,47.9375,0,0,0,3,3,0,0,0,0,-1,-1,0,0
280,1,5,17,14,MALE,FEMALE,33.3501,28.4279,0,0,0,1,3,0,0,0,0,-1,-1,0,0
282,1,13,2,16,MALE,FEMALE,47.36,4.38955,0,0,0,3,3,0,0,0,0,-1,-1,0,0
282,1,2,4,11,MALE,FEMALE,31.1513,47.9375,0,0,0,1,3,0,0,0,0,-1,-1,0,0
282,1,8,5,6,MALE,FEMALE,48.864,17.239,0,0,0,3,1,0,0,0,0,-1,-1,0,0
282,1,3,8,11,MALE,FEMALE,39.0833,47.9375,0,0,0,2,3,0,0,0,0,-1,-1,0,0
282,1,15,15,16,MALE,FEMALE,20.6905,4.38955,0,0,0,3,3,0,0,0,0,-1,-1,0,0
283,1,12,2,7,MALE,FEMALE,47.36,42.5665,0,0,0,3,1,0,0,0,0,-1,-1,0,0
283,1,13,2,16,MALE,FEMALE,47.36,4.38955,0,0,0,3,3,0,0,0,0,-1,-1,0,0
283,1,15,15,16,MALE,FEMALE,20.6905,4.38955,0,0,0,3,3,0,0,0,0,-1,-1,0,0
284,1,3,8,11,MALE,FEMALE,39.0833,47.9375,0,0,0,2,3,0,0,0,0,-1,-1,0,0
284,1,15,15,16,MALE,FEMALE,20.6905,4.38955,0,0,0,3,3,0,0,0,0,-1,-1,0,0
285,1,8,5,6,MALE,FEMALE,48.864,17.239,0,0,0,3,1,0,0,0,0,-1,-1,0,0
285,1,14,5,16,MALE,FEMALE,48.864,4.38955,0,0,0,3,3,0,0,0,0,-1,-1,0,0
285,1,7,21,14,MALE,FEMALE,25.2027,28.4279,0,0,0,1,3,0,0,0,0,-1,-1,0,0
286,1,11,15,13,MALE,FEMALE,20.6905,40.4999,0,0,0,3,3,0,0,0,0,-1,-1,0,0
286,1,7,21,14,MALE,FEMALE,25.2027,28.4279,0,0,0,1,3,0,0,0,0,-1,-1,0,0
287,1,9,5,13,MALE,FEMALE,48.864,40.4999,0,0,0,3,3,0,0,0,0,-1,-1,0,0
289,1,11,15,13,MALE,FEMALE,20.6905,40.4999,0,0,0,3,3,0,0,0,0,-1,-1,0,0
290,1,15,15,16,MALE,FEMALE,20.6905,4.38955,0,0,0,3,3,0,0,0,0,-1,-1,0,0
291,1,13,2,16,MALE,FEMALE,47.36,4.38955,0,0,0,3,3,0,0,0,0,-1,-1,0,0
291,1,9,5,13,MALE,FEMALE,48.864,40.4999,0,0,0,3,3,0,0,0,0,-1,-1,0,0
291,1,6,18,14,MALE,FEMALE,9.00165,28.4279,0,0,0,1,3,0,0,0,0,-1,-1,0,0
292,1,9,5,13,MALE,FEMALE,48.864,40.4999,0,0,0,3,3,0,0,0,0,-1,-1,0,0
293,1,2,4,11,MALE,FEMALE,31.1513,47.9375,0,0,0,1,3,0,0,0,0,-1,-1,0,0
294,1,3,8,11,MALE,FEMALE,39.0833,47.9375,0,0,0,2,3,0,0,0,0,-1,-1,0,0
295,1,11,15,13,MALE,FEMALE,20.6905,40.4999,0,0,0,3,3,0,0,0,0,-1,-1,0,0
295,1,6,18,14,MALE,FEMALE,9.00165,28.4279,0,0,0,1,3,0,0,0,0,-1,-1,0,0
296,1,2,4,11,MALE,FEMALE,31.1513,47.9375,0,0,0,1,3,0,0,0,0,-1,-1,0,0
296,1,15,15,16,MALE,FEMALE,20.6905,4.38955,0,0,0,3,3,0,0,0,0,-1,-1,0,0
297,1,14,5,16,MALE,FEMALE,48.864,4.38955,0,0,0,3,3,0,0,0,0,-1,-1,0,0
297,1,10,8,13,MALE,FEMALE,39.0833,40.4999,0,0,0,2,3,0,0,0,0,-1,-1,0,0
297,1,6,18,14,MALE,FEMALE,9.00165,28.4279,0,0,0,1,3,0,0,0,0,-1,-1,0,0
298,1,9,5,13,MALE,FEMALE,48.864,40.4999,0,0,0,3,3,0,0,0,0,-1,-1,0,0
299,1,1,2,9,MALE,FEMALE,47.36,44.3533,0,0,0,3,1,0,0,0,0,-1,-1,0,0
301,1,12,2,7,MALE,FEMALE,47.36,42.5665,0,0,0,3,1,0,0,0,0,-1,-1,0,0
301,1,9,5,13,MALE,FEMALE,48.864,40.4999,0,0,0,3,3,0,0,0,0,-1,-1,0,0
302,1,14,5,16,MALE,FEMALE,48.864,4.38955,0,0,0,3,3,0,0,0,0,-1,-1,0,0
302,1,15,15,16,MALE,FEMALE,20.6905,4.38955,0,0,0,3,3,0,0,0,0,-1,-1,0,0
303,1,4,15,11,MALE,FEMALE,20.6905,47.9375,0,0,0,3,3,0,0,0,0,-1,-1,0,0
303,1,6,18,14,MALE,FEMALE,9.00165,28.4279,0,0,0,1,3,0,0,0,0,-1,-1,0,0
304,1,13,2,16,MALE,FEMALE,47.36,4.38955,0,0,0,3,3,0,0,0,0,-1,-1,0,0
304,1,7,21,14,MALE,FEMALE,25.2027,28.4279,0,0,0,1,3,0,0,0,0,-1,-1,0,0
305,1,13,2,16,MALE,FEMALE,47.36,4.38955,0,0,0,3,3,0,0,0,0,-1,-1,0,0
305,1,10,8,13,MALE,FEMALE,39.0833,40.4999,0,0,0,2,3,0,0,0,0,-1,-1,0,0
305,1,6,18,14,MALE,FEMALE,9.00165,28.4279,0,0,0,1,3,0,0,0,0,-1,-1,0,0
306,1,10,8,13,MALE,FEMALE,39.0833,40.4999,0,0,0,2,3,0,0,0,0,-1,-1,0,0
306,1,5,17,14,MALE,FEMALE,33.3501,28.4279,0,0,0,1,3,0,0,0,0,-1,-1,0,0
307,1,2,4,11,MALE,FEMALE,31.1513,47.9375,0,0,0,1,3,0,0,0,0,-1,-1,0,0
307,1,2,4,11,MALE,FEMALE,31.1513,47.9375,0,0,0,1,3,0,0,0,0,-1,-1,0,0
307,1,9,5,13,MALE,FEMALE,48.864,40.4999,0,0,0,3,3,0,0,0,0,-1,-1,0,0
308,1,11,15,13,MALE,FEMALE,20.6905,40.4999,0,0,0,3,3,0,0,0,0,-1,-1,0,0
309,1,9,5,13,MALE,FEMALE,48.864,40.4999,0,0,0,3,3,0,0,0,0,-1,-1,0,0
310,1,12,2,7,MALE,FEMALE,47.36,42.5665,0,0,0,3,1,0,0,0,0,-1,-1,0,0
310,1,14,5,16,MALE,FEMALE,48.864,4.38955,0,0,0,3,3,0,0,0,0,-1,-1,0,0
310,1,3,8,11,MALE,FEMALE,39.0833,47.9375,0,0,0,2,3,0,0,0,0,-1,-1,0,0
311,1,13,2,16,MALE,FEMALE,47.36,4.38955,0,0,0,3,3,0,0,0,0,-1,-1,0,0
311,1,10,8,13,MALE,FEMALE,39.0833,40.4999,0,0,0,2,3,0,0,0,0,-1,-1,0,0
311,1,11,15,13,MALE,FEMALE,20.6905,40.4999,0,0,0,3,3,0,0,0,0,-1,-1,0,0
311,1,15,15,16,MALE,FEMALE,20.6905,4.38955,0,0,0,3,3,0,0,0,0,-1,-1,0,0
311,1,6,18,14,MALE,FEMALE,9.00165,28.4279,0,0,0,1,3,0,0,0,0,-1,-1,0,0
312,1,12,2,7,MALE,FEMALE,47.36,42.5665,0,0,0,3,1,0,0,0,0,-1,-1,0,0
312,1,15,15,16,MALE,FEMALE,20.6905,4.38955,0,0,0,3,3,0,0,0,0,-1,-1,0,0
313,1,2,4,11,MALE,FEMALE,31.1513,47.9375,0,0,0,1,3,0,0,0,0,-1,-1,0,0
313,1,9,5,13,MALE,FEMALE,48.864,40.4999,0,0,0,3,3,0,0,0,0,-1,-1,0,0
313,1,14,5,16,MALE,FEMALE,48.864,4.38955,0,0,0,3,3,0,0,0,0,-1,-1,0,0
313,1,14,5,16,MALE,FEMALE,48.864,4.38955,0,0,0,3,3,0,0,0,0,-1,-1,0,0
313,1,4,15,11,MALE,FEMALE,20.6905,47.9375,0,0,0,3,3,0,0,0,0,-1,-1,0,0
313,1,15,15,16,MALE,FEMALE,20.6905,4.38955,0,0,0,3,3,0,0,0,0,-1,-1,0,0
314,1,1,2,9,MALE,FEMALE,47.36,44.3533,0,0,0,3,1,0,0,0,0,-1,-1,0,0
314,1,2,4,11,MALE,FEMALE,31.1513,47.9375,0,0,0,1,3,0,0,0,0,-1,-1,0,0
314,1,3,8,11,MALE,FEMALE,39.0833,47.9375,0,0,0,2,3,0,0,0,0,-1,-1,0,0
314,1,7,21,14,MALE,FEMALE,25.2027,28.4279,0,0,0,1,3,0,0,0,0,-1,-1,0,0
315,1,1,2,9,MALE,FEMALE,47.36,44.3533,0,0,0,3,1,0,0,0,0,-1,-1,0,0
315,1,13,2,16,MALE,FEMALE,47.36,4.38955,0,0,0,3,3,0,0,0,0,-1,-1,0,0
315,1,6,18,14,MALE,FEMALE,9.00165,28.4279,0,0,0,1,3,0,0,0,0,-1,-1,0,0
316,1,12,2,7,MALE,FEMALE,47.36,42.5665,0,0,0,3,1,0,0,0,0,-1,-1,0,0
317,1,9,5,13,MALE,FEMALE,48.864,40.4999,0,0,0,3,3,0,0,0,0,-1,-1,0,0
318,1,14,5,16,MALE,FEMALE,48.864,4.38955,0,0,0,3,3,0,0,0,0,-1,-1,0,0
318,1,11,15,13,MALE,FEMALE,20.6905,40.4999,0,0,0,3,3,0,0,0,0,-1,-1,0,0
319,1,6,18,14,MALE,FEMALE,9.00165,28.4279,0,0,0,1,3,0,0,0,0,-1,-1,0,0
319,1,6,18,14,MALE,FEMALE,9.00165,28.4279,0,0,0,1,3,0,0,0,0,-1,-1,0,0
320,1,9,5,13,MALE,FEMALE,48.864,40.4999,0,0,0,3,3,0,0,0,0,-1,-1,0,0
322,1,8,5,6,MALE,FEMALE,48.864,17.239,0,0,0,3,1,0,0,0,0,-1,-1,0,0
324,1,8,5,6,MALE,FEMALE,48.864,17.239,0,0,0,3,1,0,0,0,0,-1,-1,0,0
325,1,6,18,14,MALE,FEMALE,9.00165,28.4279,0,0,0,1,3,0,0,0,0,-1,-1,0,0
326,1,6,18,14,MALE,FEMALE,9.00165,28.4279,0,0,0,1,3,0,0,0,0,-1,-1,0,0
327,1,12,2,7,MALE,FEMALE,47.36,42.5665,0,0,0,3,1,0,0,0,0,-1,-1,0,0
327,1,13,2,16,MALE,FEMALE,47.36,4.38955,0,0,0,3,3,0,0,0,0,-1,-1,0,0
327,1,14,5,16,MALE,FEMALE,48.864,4.38955,0,0,0,3,3,0,0,0,0,-1,-1,0,0
329,1,4,15,11,MALE,FEMALE,20.6905,47.9375,0,0,0,3,3,0,0,0,0,-1,-1,0,0
329,1,4,15,11,MALE,FEMALE,20.6905,47.9375,0,0,0,3,3,0,0,0,0,-1,-1,0,0
330,1,9,5,13,MALE,FEMALE,48.864,40.4999,0,0,0,3,3,0,0,0,0,-1,-1,0,0
330,1,3,8,11,MALE,FEMALE,39.0833,47.9375,0,0,0,2,3,0,0,0,0,-1,-1,0,0
330,1,10,8,13,MALE,FEMALE,39.0833,40.4999,0,0,0,2,3,0,0,0,0,-1,-1,0,0
330,1,11,15,13,MALE,FEMALE,20.6905,40.4999,0,0,0,3,3,0,0,0,0,-1,-1,0,0
330,1,5,17,14,MALE,FEMALE,33.3501,28.4279,0,0,0,1,3,0,0,0,0,-1,-1,0,0
331,1,1,2,9,MALE,FEMALE,47.36,44.3533,0,0,0,3,1,0,0,0,0,-1,-1,0,0
331,1,8,5,6,MALE,FEMALE,48.864,17.239,0,0,0,3,1,0,0,0,0,-1,-1,0,0
331,1,14,5,16,MALE,FEMALE,48.864,4.38955,0,0,0,3,3,0,0,0,0,-1,-1,0,0
331,1,3,8,11,MALE,FEMALE,39.0833,47.9375,0,0,0,2,3,0,0,0,0,-1,-1,0,0
331,1,11,15,13,MALE,FEMALE,20.6905,40.4999,0,0,0,3,3,0,0,0,0,-1,-1,0,0
331,1,6,18,14,MALE,FEMALE,9.00165,28.4279,0,0,0,1,3,0,0,0,0,-1,-1,0,0
332,1,3,8,11,MALE,FEMALE,39.0833,47.9375,0,0,0,2,3,0,0,0,0,-1,-1,0,0
333,1,8,5,6,MALE,FEMALE,48.864,17.239,0,0,0,3,1,0,0,0,0,-1,-1,0,0
333,1,4,15,11,MALE,FEMALE,20.6905,47.9375,0,0,0,3,3,0,0,0,0,-1,-1,0,0
334,1,9,5,13,MALE,FEMALE,48.864,40.4999,0,0,0,3,3,0,0,0,0,-1,-1,0,0
335,1,12,2,7,MALE,FEMALE,47.36,42.5665,0,0,0,3,1,0,0,0,0,-1,-1,0,0
335,1,2,4,11,MALE,FEMALE,31.1513,47.9375,0,0,0,1,3,0,0,0,0,-1,-1,0,0
335,1,3,8,11,MALE,FEMALE,39.0833,47.9375,0,0,0,2,3,0,0,0,0,-1,-1,0,0
336,1,12,2,7,MALE,FEMALE,47.36,42.5665,0,0,0,3,1,0,0,0,0,-1,-1,0,0
336,1,8,5,6,MALE,FEMALE,48.864,17.239,0,0,0,3,1,0,0,0,0,-1,-1,0,0
336,1,9,5,13,MALE,FEMALE,48.864,40.4999,0,0,0,3,3,0,0,0,0,-1,-1,0,0
336,1,6,18,14,MALE,FEMALE,9.00165,28.4279,0,0,0,1,3,0,0,0,0,-1,-1,0,0
337,1,1,2,9,MALE,FEMALE,47.36,44.3533,0,0,0,3,1,0,0,0,0,-1,-1,0,0
337,1,3,8,11,MALE,FEMALE,39.0833,47.9375,0,0,0,2,3,0,0,0,0,-1,-1,0,0
337,1,3,8,11,MALE,FEMALE,39.0833,47.9375,0,0,0,2,3,0,0,0,0,-1,-1,0,0
337,1,4,15,11,MALE,FEMALE,20.6905,47.9375,0,0,0,3,3,0,0,0,0,-1,-1,0,0
338,1,8,5,6,MALE,FEMALE,48.864,17.239,0,0,0,3,1,0,0,0,0,-1,-1,0,0
338,1,9,5,13,MALE,FEMALE,48.864,40.4999,0,0,0,3,3,0,0,0,0,-1,-1,0,0
338,1,10,8,13,MALE,FEMALE,39.0833,40.4999,0,0,0,2,3,0,0,0,0,-1,-1,0,0
339,1,4,15,11,MALE,FEMALE,20.6905,47.9375,0,0,0,3,3,0,0,0,0,-1,-1,0,0
340,1,8,5,6,MALE,FEMALE,48.864,17.239,0,0,0,3,1,0,0,0,0,-1,-1,0,0
340,1,6,18,14,MALE,FEMALE,9.00165,28.4279,0,0,0,1,3,0,0,0,0,-1,-1,0,0
341,1,13,2,16,MALE,FEMALE,47.36,4.38955,0,0,0,3,3,0,0,0,0,-1,-1,0,0
342,1,3,8,11,MALE,FEMALE,39.0833,47.9375,0,0,0,2,3,0,0,0,0,-1,-1,0,0
343,1,13,2,16,MALE,FEMALE,47.36,4.38955,0,0,0,3,3,0,0,0,0,-1,-1,0,0
343,1,9,5,13,MALE,FEMALE,48.864,40.4999,0,0,0,3,3,0,0,0,0,-1,-1,0,0
343,1,10,8,13,MALE,FEMALE,39.0833,40.4999,0,0,0,2,3,0,0,0,0,-1,-1,0,0
343,1,15,15,16,MALE,FEMALE,20.6905,4.38955,0,0,0,3,3,0,0,0,0,-1,-1,0,0
344,1,7,21,14,MALE,FEMALE,25.2027,28.4279,0,0,0,1,3,0,0,0,0,-1,-1,0,0
344,1,7,21,14,MALE,FEMALE,25.2027,28.4279,0,0,0,1,3,0,0,0,0,-1,-1,0,0
345,1,14,5,16,MALE,FEMALE,48.864,4.38955,0,0,0,3,3,0,0,0,0,-1,-1,0,0
345,1,11,15,13,MALE,FEMALE,20.6905,40.4999,0,0,0,3,3,0,0,0,0,-1,-1,0,0
346,1,6,18,14,MALE,FEMALE,9.00165,28.4279,0,0,0,1,3,0,0,0,0,-1,-1,0,0
348,1,3,8,11,MALE,FEMALE,39.0833,47.9375,0,0,0,2,3,0,0,0,0,-1,-1,0,0
348,1,6,18,14,MALE,FEMALE,9.00165,28.4279,0,0,0,1,3,0,0,0,0,-1,-1,0,0
348,1,7,21,14,MALE,FEMALE,25.2027,28.4279,0,0,0,1,3,0,0,0,0,-1,-1,0,0
348,1,7,21,14,MALE,FEMALE,25.2027,28.4279,0,0,0,1,3,0,0,0,0,-1,-1,0,0
349,1,9,5,13,MALE,FEMALE,48.864,40.4999,0,0,0,3,3,0,0,0,0,-1,-1,0,0
350,1,13,2,16,MALE,FEMALE,47.36,4.38955,0,0,0,3,3,0,0,0,0,-1,-1,0,0
350,1,9,5,13,MALE,FEMALE,48.864,40.4999,0,0,0,3,3,0,0,0,0,-1,-1,0,0
350,1,5,17,14,MALE,FEMALE,33.3501,28.4279,0,0,0,1,3,0,0,0,0,-1,-1,0,0
351,1,1,2,9,MALE,FEMALE,47.36,44.3533,0,0,0,3,1,0,0,0,0,-1,-1,0,0
351,1,7,21,14,MALE,FEMALE,25.2027,28.4279,0,0,0,1,3,0,0,0,0,-1,-1,0,0
352,1,13,2,16,MALE,FEMALE,47.36,4.38955,0,0,0,3,3,0,0,0,0,-1,-1,0,0
352,1,4,15,11,MALE,FEMALE,20.6905,47.9375,0,0,0,3,3,0,0,0,0,-1,-1,0,0
353,1,13,2,16,MALE,FEMALE,47.36,4.38955,0,0,0,3,3,0,0,0,0,-1,-1,0,0
355,1,2,4,11,MALE,FEMALE,31.1513,47.9375,0,0,0,1,3,0,0,0,0,-1,-1,0,0
356,1,12,2,7,MALE,FEMALE,47.36,42.5665,0,0,0,3,1,0,0,0,0,-1,-1,0,0
356,1,9,5,13,MALE,FEMALE,48.864,40.4999,0,0,0,3,3,0,0,0,0,-1,-1,0,0
357,1,10,8,13,MALE,FEMALE,39.0833,40.4999,0,0,0,2,3,0,0,0,0,-1,-1,0,0
357,1,5,17,14,MALE,FEMALE,33.3501,28.4279,0,0,0,1,3,0,0,0,0,-1,-1,0,0
358,1,13,2,16,MALE,FEMALE,47.36,4.38955,0,0,0,3,3,0,0,0,0,-1,-1,0,0
358,1,15,15,16,MALE,FEMALE,20.6905,4.38955,0,0,0,3,3,0,0,0,0,-1,-1,0,0
359,1,12,2,7,MALE,FEMALE,47.36,42.5665,0,0,0,3,1,0,0,0,0,-1,-1,0,0
360,1,11,15,13,MALE,FEMALE,20.6905,40.4999,0,0,0,3,3,0,0,0,0,-1,-1,0,0
361,1,3,8,11,MALE,FEMALE,39.0833,47.9375,0,0,0,2,3,0,0,0,0,-1,-1,0,0
362,1,3,8,11,MALE,FEMALE,39.0833,47.9375,0,0,0,2,3,0,0,0,0,-1,-1,0,0
362,1,10,8,13,MALE,FEMALE,39.0833,40.4999,0,0,0,2,3,0,0,0,0,-1,-1,0,0
363,1,3,8,11,MALE,FEMALE,39.0833,47.9375,0,0,0,2,3,0,0,0,0,-1,-1,0,0
363,1,4,15,11,MALE,FEMALE,20.6905,47.9375,0,0,0,3,3,0,0,0,0,-1,-1,0,0
363,1,4,15,11,MALE,FEMALE,20.6905,47.9375,0,0,0,3,3,0,0,0,0,-1,-1,0,0
364,1,14,5,16,MALE,FEMALE,48.864,4.38955,0,0,0,3,3,0,0,0,0,-1,-1,0,0
364,1,7,21,14,MALE,FEMALE,25.2027,28.4279,0,0,0,1,3,0,0,0,0,-1,-1,0,0
365,1,3,8,11,MALE,FEMALE,39.0833,47.9375,0,0,0,2,3,0,0,0,0,-1,-1,0,0
365,1,10,8,13,MALE,FEMALE,39.0833,40.4999,0,0,0,2,3,0,0,0,0,-1,-1,0,0
365,1,10,8,13,MALE,FEMALE,39.0833,40.4999,0,0,0,2,3,0,0,0,0,-1,-1,0,0
365,1,7,21,14,MALE,FEMALE,25.2027,28.4279,0,0,0,1,3,0,0,0,0,-1,-1,0,0
366,1,3,8,11,MALE,FEMALE,39.0833,47.9375,0,0,0,2,3,0,0,0,0,-1,-1,0,0
366,1,6,18,14,MALE,FEMALE,9.00165,28.4279,0,0,0,1,3,0,0,0,0,-1,-1,0,0
367,1,4,15,11,MALE,FEMALE,20.6905,47.9375,0,0,0,3,3,0,0,0,0,-1,-1,0,0
369,1,3,8,11,MALE,FEMALE,39.0833,47.9375,0,0,0,2,3,0,0,0,0,-1,-1,0,0
369,1,5,17,14,MALE,FEMALE,33.3501,28.4279,0,0,0,1,3,0,0,0,0,-1,-1,0,0
370,1,8,5,6,MALE,FEMALE,48.864,17.239,0,0,0,3,1,0,0,0,0,-1,-1,0,0
370,1,14,5,16,MALE,FEMALE,48.864,4.38955,0,0,0,3,3,0,0,0,0,-1,-1,0,0
370,1,3,8,11,MALE,FEMALE,39.0833,47.9375,0,0,0,2,3,0,0,0,0,-1,-1,0,0
372,1,1,2,9,MALE,FEMALE,47.36,44.3533,0,0,0,3,1,0,0,0,0,-1,-1,0,0
373,1,7,21,14,MALE,FEMALE,25.2027,28.4279,0,0,0,1,3,0,0,0,0,-1,-1,0,0
374,1,8,5,6,MALE,FEMALE,48.864,17.239,0,0,0,3,1,0,0,0,0,-1,-1,0,0
374,1,5,17,14,MALE,FEMALE,33.3501,28.4279,0,0,0,1,3,0,0,0,0,-1,-1,0,0
374,1,6,18,14,MALE,FEMALE,9.00165,28.4279,0,0,0,1,3,0,0,0,0,-1,-1,0,0
375,1,15,15,16,MALE,FEMALE,20.6905,4.38955,0,0,0,3,3,0,0,0,0,-1,-1,0,0
376,1,13,2,16,MALE,FEMALE,47.36,4.38955,0,0,0,3,3,0,0,0,0,-1,-1,0,0
376,1,11,15,13,MALE,FEMALE,20.6905,40.4999,0,0,0,3,3,0,0,0,0,-1,-1,0,0
379,1,7,21,14,MALE,FEMALE,25.2027,28.4279,0,0,0,1,3,0,0,0,0,-1,-1,0,0
380,1,1,2,9,MALE,FEMALE,47.36,44.3533,0,0,0,3,1,0,0,0,0,-1,-1,0,0
381,1,2,4,11,MALE,FEMALE,31.1513,47.9375,0,0,0,1,3,0,0,0,0,-1,-1,0,0
382,1,8,5,6,MALE,FEMALE,48.864,17.239,0,0,0,3,1,0,0,0,0,-1,-1,0,0
382,1,3,8,11,MALE,FEMALE,39.0833,47.9375,0,0,0,2,3,0,0,0,0,-1,-1,0,0
383,1,13,2,16,MALE,FEMALE,47.36,4.38955,0,0,0,3,3,0,0,0,0,-1,-1,0,0
384,1,2,4,11,MALE,FEMALE,31.1513,47.9375,0,0,0,1,3,0,0,0,0,-1,-1,0,0
384,1,6,18,14,MALE,FEMALE,9.00165,28.4279,0,0,0,1,3,0,0,0,0,-1,-1,0,0
385,1,12,2,7,MALE,FEMALE,47.36,42.5665,0,0,0,3,1,0,0,0,0,-1,-1,0,0
388,1,1,2,9,MALE,FEMALE,47.36,44.3533,0,0,0,3,1,0,0,0,0,-1,-1,0,0
388,1,10,8,13,MALE,FEMALE,39.0833,40.4999,0,0,0,2,3,0,0,0,0,-1,-1,0,0
388,1,15,15,16,MALE,FEMALE,20.6905,4.38955,0,0,0,3,3,0,0,0,0,-1,-1,0,0
388,1,5,17,14,MALE,FEMALE,33.3501,28.4279,0,0,0,1,3,0,0,0,0,-1,-1,0,0
389,1,10,8,13,MALE,FEMALE,39.0833,40.4999,0,0,0,2,3,0,0,0,0,-1,-1,0,0
390,1,4,15,11,MALE,FEMALE,20.6905,47.9375,0,0,0,3,3,0,0,0,0,-1,-1,0,0
391,1,3,8,11,MALE,FEMALE,39.0833,47.9375,0,0,0,2,3,0,0,0,0,-1,-1,0,0
392,1,9,5,13,MALE,FEMALE,48.864,40.4999,0,0,0,3,3,0,0,0,0,-1,-1,0,0
392,1,6,18,14,MALE,FEMALE,9.00165,28.4279,0,0,0,1,3,0,0,0,0,-1,-1,0,0
392,1,7,21,14,MALE,FEMALE,25.2027,28.4279,0,0,0,1,3,0,0,0,0,-1,-1,0,0
393,1,7,21,14,MALE,FEMALE,25.2027,28.4279,0,0,0,1,3,0,0,0,0,-1,-1,0,0
394,1,13,2,16,MALE,FEMALE,47.36,4.38955,0,0,0,3,3,0,0,0,0,-1,-1,0,0
394,1,13,2,16,MALE,FEMALE,47.36,4.38955,0,0,0,3,3,0,0,0,0,-1,-1,0,0
394,1,4,15,11,MALE,FEMALE,20.6905,47.9375,0,0,0,3,3,0,0,0,0,-1,-1,0,0
395,1,1,2,9,MALE,FEMALE,47.36,44.3533,0,0,0,3,1,0,0,0,0,-1,-1,0,0
395,1,1,2,9,MALE,FEMALE,47.36,44.3533,0,0,0,3,1,0,0,0,0,-1,-1,0,0
396,1,13,2,16,MALE,FEMALE,47.36,4.38955,0,0,0,3,3,0,0,0,0,-1,-1,0,0
396,1,3,8,11,MALE,FEMALE,39.0833,47.9375,0,0,0,2,3,0,0,0,0,-1,-1,0,0
396,1,10,8,13,MALE,FEMALE,39.0833,40.4999,0,0,0,2,3,0,0,0,0,-1,-1,0,0
396,1,11,15,13,MALE,FEMALE,20.6905,40.4999,0,0,0,3,3,0,0,0,0,-1,-1,0,0
397,1,3,8,11,MALE,FEMALE,39.0833,47.9375,0,0,0,2,3,0,0,0,0,-1,-1,0,0
397,1,4,15,11,MALE,FEMALE,20.6905,47.9375,0,0,0,3,3,0,0,0,0,-1,-1,0,0
397,1,6,18,14,MALE,FEMALE,9.00165,28.4279,0,0,0,1,3,0,0,0,0,-1,-1,0,0
398,1,4,15,11,MALE,FEMALE,20.6905,47.9375,0,0,0,3,3,0,0,0,0,-1,-1,0,0
399,1,13,2,16,MALE,FEMALE,47.36,4.38955,0,0,0,3,3,0,0,0,0,-1,-1,0,0
402,1,13,2,16,MALE,FEMALE,47.36,4.38955,0,0,0,3,3,0,0,0,0,-1,-1,0,0
402,1,14,5,16,MALE,FEMALE,48.864,4.38955,0,0,0,3,3,0,0,0,0,-1,-1,0,0
402,1,14,5,16,MALE,FEMALE,48.864,4.38955,0,0,0,3,3,0,0,0,0,-1,-1,0,0
404,1,2,4,11,MALE,FEMALE,31.1513,47.9375,0,0,0,1,3,0,0,0,0,-1,-1,0,0
404,1,10,8,13,MALE,FEMALE,39.0833,40.4999,0,0,0,2,3,0,0,0,0,-1,-1,0,0
406,1,13,2,16,MALE,FEMALE,47.36,4.38955,0,0,0,3,3,0,0,0,0,-1,-1,0,0
408,1,2,4,11,MALE,FEMALE,31.1513,47.9375,0,0,0,1,3,0,0,0,0,-1,-1,0,0
408,1,9,5,13,MALE,FEMALE,48.864,40.4999,0,0,0,3,3,0,0,0,0,-1,-1,0,0
408,1,7,21,14,MALE,FEMALE,25.2027,28.4279,0,0,0,1,3,0,0,0,0,-1,-1,0,0
409,1,12,2,7,MALE,FEMALE,47.36,42.5665,0,0,0,3,1,0,0,0,0,-1,-1,0,0
409,1,14,5,16,MALE,FEMALE,48.864,4.38955,0,0,0,3,3,0,0,0,0,-1,-1,0,0
409,1,4,15,11,MALE,FEMALE,20.6905,47.9375,0,0,0,3,3,0,0,0,0,-1,-1,0,0
411,1,13,2,16,MALE,FEMALE,47.36,4.38955,0,0,0,3,3,0,0,0,0,-1,-1,0,0
412,1,1,2,9,MALE,FEMALE,47.36,44.3533,0,0,0,3,1,0,0,0,0,-1,-1,0,0
412,1,1,2,9,MALE,FEMALE,47.36,44.3533,0,0,0,3,1,0,0,0,0,-1,-1,0,0
412,1,14,5,16,MALE,FEMALE,48.864,4.38955,0,0,0,3,3,0,0,0,0,-1,-1,0,0
412,1,10,8,13,MALE,FEMALE,39.0833,40.4999,0,0,0,2,3,0,0,0,0,-1,-1,0,0
413,1,14,5,16,MALE,FEMALE,48.864,4.38955,0,0,0,3,3,0,0,0,0,-1,-1,0,0
413,1,10,8,13,MALE,FEMALE,39.0833,40.4999,0,0,0,2,3,0,0,0,0,-1,-1,0,0
413,1,15,15,16,MALE,FEMALE,20.6905,4.38955,0,0,0,3,3,0,0,0,0,-1,-1,0,0
413,1,7,21,14,MALE,FEMALE,25.2027,28.4279,0,0,0,1,3,0,0,0,0,-1,-1,0,0
414,1,13,2,16,MALE,FEMALE,47.36,4.38955,0,0,0,3,3,0,0,0,0,-1,-1,0,0
414,1,14,5,16,MALE,FEMALE,48.864,4.38955,0,0,0,3,3,0,0,0,0,-1,-1,0,0
416,1,8,5,6,MALE,FEMALE,48.864,17.239,0,0,0,3,1,0,0,0,0,-1,-1,0,0
416,1,7,21,14,MALE,FEMALE,25.2027,28.4279,0,0,0,1,3,0,0,0,0,-1,-1,0,0
417,1,1,2,9,MALE,FEMALE,47.36,44.3533,0,0,0,3,1,0,0,0,0,-1,-1,0,0
418,1,2,4,11,MALE,FEMALE,31.1513,47.9375,0,0,0,1,3,0,0,0,0,-1,-1,0,0
418,1,9,5,13,MALE,FEMALE,48.864,40.4999,0,0,0,3,3,0,0,0,0,-1,-1,0,0
418,1,14,5,16,MALE,FEMALE,48.864,4.38955,0,0,0,3,3,0,0,0,0,-1,-1,0,0
420,1,3,8,11,MALE,FEMALE,39.0833,47.9375,0,0,0,2,3,0,0,0,0,-1,-1,0,0
421,1,9,5,13,MALE,FEMALE,48.864,40.4999,0,0,0,3,3,0,0,0,0,-1,-1,0,0
421,1,6,18,14,MALE,FEMALE,9.00165,28.4279,0,0,0,1,3,0,0,0,0,-1,-1,0,0
423,1,9,5,13,MALE,FEMALE,48.864,40.4999,0,0,0,3,3,0,0,0,0,-1,-1,0,0
423,1,14,5,16,MALE,FEMALE,48.864,4.38955,0,0,0,3,3,0,0,0,0,-1,-1,0,0
423,1,14,5,16,MALE,FEMALE,48.864,4.38955,0,0,0,3,3,0,0,0,0,-1,-1,0,0
423,1,11,15,13,MALE,FEMALE,20.6905,40.4999,0,0,0,3,3,0,0,0,0,-1,-1,0,0
424,1,11,15,13,MALE,FEMALE,20.6905,40.4999,0,0,0,3,3,0,0,0,0,-1,-1,0,0
425,1,8,5,6,MALE,FEMALE,48.864,17.239,0,0,0,3,1,0,0,0,0,-1,-1,0,0
427,1,11,15,13,MALE,FEMALE,20.6905,40.4999,0,0,0,3,3,0,0,0,0,-1,-1,0,0
428,1,4,15,11,MALE,FEMALE,20.6905,47.9375,0,0,0,3,3,0,0,0,0,-1,-1,0,0
428,1,6,18,14,MALE,FEMALE,9.00165,28.4279,0,0,0,1,3,0,0,0,0,-1,-1,0,0
429,1,14,5,16,MALE,FEMALE,48.864,4.38955,0,0,0,3,3,0,0,0,0,-1,-1,0,0
429,1,11,15,13,MALE,FEMALE,20.6905,40.4999,0,0,0,3,3,0,0,0,0,-1,-1,0,0
431,1,12,2,7,MALE,FEMALE,47.36,42.5665,0,0,0,3,1,0,0,0,0,-1,-1,0,0
431,1,4,15,11,MALE,FEMALE,20.6905,47.9375,0,0,0,3,3,0,0,0,0,-1,-1,0,0
431,1,15,15,16,MALE,FEMALE,20.6905,4.38955,0,0,0,3,3,0,0,0,0,-1,-1,0,0
432,1,8,5,6,MALE,FEMALE,48.864,17.239,0,0,0,3,1,0,0,0,0,-1,-1,0,0
432,1,11,15,13,MALE,FEMALE,20.6905,40.4999,0,0,0,3,3,0,0,0,0,-1,-1,0,0
433,1,1,2,9,MALE,FEMALE,47.36,44.3533,0,0,0,3,1,0,0,0,0,-1,-1,0,0
433,1,10,8,13,MALE,FEMALE,39.0833,40.4999,0,0,0,2,3,0,0,0,0,-1,-1,0,0
433,1,10,8,13,MALE,FEMALE,39.0833,40.4999,0,0,0,2,3,0,0,0,0,-1,-1,0,0
434,1,4,15,11,MALE,FEMALE,20.6905,47.9375,0,0,0,3,3,0,0,0,0,-1,-1,0,0
434,1,11,15,13,MALE,FEMALE,20.6905,40.4999,0,0,0,3,3,0,0,0,0,-1,-1,0,0
434,1,7,21,14,MALE,FEMALE,25.2027,28.4279,0,0,0,1,3,0,0,0,0,-1,-1,0,0
435,1,12,2,7,MALE,FEMALE,47.36,42.5665,0,0,0,3,1,0,0,0,0,-1,-1,0,0
435,1,5,17,14,MALE,FEMALE,33.3501,28.4279,0,0,0,1,3,0,0,0,0,-1,-1,0,0
436,1,4,15,11,MALE,FEMALE,20.6905,47.9375,0,0,0,3,3,0,0,0,0,-1,-1,0,0
438,1,1,2,9,MALE,FEMALE,47.36,44.3533,0,0,0,3,1,0,0,0,0,-1,-1,0,0
438,1,6,18,14,MALE,FEMALE,9.00165,28.4279,0,0,0,1,3,0,0,0,0,-1,-1,0,0
440,1,4,15,11,MALE,FEMALE,20.6905,47.9375,0,0,0,3,3,0,0,0,0,-1,-1,0,0
440,1,15,15,16,MALE,FEMALE,20.6905,4.38955,0,0,0,3,3,0,0,0,0,-1,-1,0,0
441,1,14,5,16,MALE,FEMALE,48.864,4.38955,0,0,0,3,3,0,0,0,0,-1,-1,0,0
441,1,3,8,11,MALE,FEMALE,39.0833,47.9375,0,0,0,2,3,0,0,0,0,-1,-1,0,0
442,1,15,15,16,MALE,FEMALE,20.6905,4.38955,0,0,0,3,3,0,0,0,0,-1,-1,0,0
443,1,2,4,11,MALE,FEMALE,31.1513,47.9375,0,0,0,1,3,0,0,0,0,-1,-1,0,0
443,1,14,5,16,MALE,FEMALE,48.864,4.38955,0,0,0,3,3,0,0,0,0,-1,-1,0,0
443,1,3,8,11,MALE,FEMALE,39.0833,47.9375,0,0,0,2,3,0,0,0,0,-1,-1,0,0
444,1,1,2,9,MALE,FEMALE,47.36,44.3533,0,0,0,3,1,0,0,0,0,-1,-1,0,0
444,1,12,2,7,MALE,FEMALE,47.36,42.5665,0,0,0,3,1,0,0,0,0,-1,-1,0,0
444,1,4,15,11,MALE,FEMALE,20.6905,47.9375,0,0,0,3,3,0,0,0,0,-1,-1,0,0
444,1,5,17,14,MALE,FEMALE,33.3501,28.4279,0,0,0,1,3,0,0,0,0,-1,-1,0,0
446,1,13,2,16,MALE,FEMALE,47.36,4.38955,0,0,0,3,3,0,0,0,0,-1,-1,0,0
446,1,3,8,11,MALE,FEMALE,39.0833,47.9375,0,0,0,2,3,0,0,0,0,-1,-1,0,0
447,1,13,2,16,MALE,FEMALE,47.36,4.38955,0,0,0,3,3,0,0,0,0,-1,-1,0,0
447,1,8,5,6,MALE,FEMALE,48.864,17.239,0,0,0,3,1,0,0,0,0,-1,-1,0,0
447,1,9,5,13,MALE,FEMALE,48.864,40.4999,0,0,0,3,3,0,0,0,0,-1,-1,0,0
447,1,14,5,16,MALE,FEMALE,48.864,4.38955,0,0,0,3,3,0,0,0,0,-1,-1,0,0
447,1,3,8,11,MALE,FEMALE,39.0833,47.9375,0,0,0,2,3,0,0,0,0,-1,-1,0,0
447,1,5,17,14,MALE,FEMALE,33.3501,28.4279,0,0,0,1,3,0,0,0,0,-1,-1,0,0
448,1,2,4,11,MALE,FEMALE,31.1513,47.9375,0,0,0,1,3,0,0,0,0,-1,-1,0,0
448,1,9,5,13,MALE,FEMALE,48.864,40.4999,0,0,0,3,3,0,0,0,0,-1,-1,0,0
449,1,11,15,13,MALE,FEMALE,20.6905,40.4999,0,0,0,3,3,0,0,0,0,-1,-1,0,0
450,1,5,17,14,MALE,FEMALE,33.3501,28.4279,0,0,0,1,3,0,0,0,0,-1,-1,0,0
451,1,15,15,16,MALE,FEMALE,20.6905,4.38955,0,0,0,3,3,0,0,0,0,-1,-1,0,0
451,1,15,15,16,MALE,FEMALE,20.6905,4.38955,0,0,0,3,3,0,0,0,0,-1,-1,0,0
452,1,8,5,6,MALE,FEMALE,48.864,17.239,0,0,0,3,1,0,0,0,0,-1,-1,0,0
452,1,6,18,14,MALE,FEMALE,9.00165,28.4279,0,0,0,1,3,0,0,0,0,-1,-1,0,0
453,1,10,8,13,MALE,FEMALE,39.0833,40.4999,0,0,0,2,3,0,0,0,0,-1,-1,0,0
453,1,10,8,13,MALE,FEMALE,39.0833,40.4999,0,0,0,2,3,0,0,0,0,-1,-1,0,0
453,1,6,18,14,MALE,FEMALE,9.00165,28.4279,0,0,0,1,3,0,0,0,0,-1,-1,0,0
454,1,11,15,13,MALE,FEMALE,20.6905,40.4999,0,0,0,3,3,0,0,0,0,-1,-1,0,0
455,1,9,5,13,MALE,FEMALE,48.864,40.4999,0,0,0,3,3,0,0,0,0,-1,-1,0,0
455,1,14,5,16,MALE,FEMALE,48.864,4.38955,0,0,0,3,3,0,0,0,0,-1,-1,0,0
455,1,5,17,14,MALE,FEMALE,33.3501,28.4279,0,0,0,1,3,0,0,0,0,-1,-1,0,0
456,1,13,2,16,MALE,FEMALE,47.36,4.38955,0,0,0,3,3,0,0,0,0,-1,-1,0,0
456,1,3,8,11,MALE,FEMALE,39.0833,47.9375,0,0,0,2,3,0,0,0,0,-1,-1,0,0
456,1,10,8,13,MALE,FEMALE,39.0833,40.4999,0,0,0,2,3,0,0,0,0,-1,-1,0,0
457,1,8,5,6,MALE,FEMALE,48.864,17.239,0,0,0,3,1,0,0,0,0,-1,-1,0,0
457,1,14,5,16,MALE,FEMALE,48.864,4.38955,0,0,0,3,3,0,0,0,0,-1,-1,0,0
458,1,1,2,9,MALE,FEMALE,47.36,44.3533,0,0,0,3,1,0,0,0,0,-1,-1,0,0
458,1,5,17,14,MALE,FEMALE,33.3501,28.4279,0,0,0,1,3,0,0,0,0,-1,-1,0,0
460,1,15,15,16,MALE,FEMALE,20.6905,4.38955,0,0,0,3,3,0,0,0,0,-1,-1,0,0
460,1,7,21,14,MALE,FEMALE,25.2027,28.4279,0,0,0,1,3,0,0,0,0,-1,-1,0,0
462,1,13,2,16,MALE,FEMALE,47.36,4.38955,0,0,0,3,3,0,0,0,0,-1,-1,0,0
462,1,13,2,16,MALE,FEMALE,47.36,4.38955,0,0,0,3,3,0,0,0,0,-1,-1,0,0
462,1,15,15,16,MALE,FEMALE,20.6905,4.38955,0,0,0,3,3,0,0,0,0,-1,-1,0,0
463,1,13,2,16,MALE,FEMALE,47.36,4.38955,0,0,0,3,3,0,0,0,0,-1,-1,0,0
463,1,6,18,14,MALE,FEMALE,9.00165,28.4279,0,0,0,1,3,0,0,0,0,-1,-1,0,0
464,1,1,2,9,MALE,FEMALE,47.36,44.3533,0,0,0,3,1,0,0,0,0,-1,-1,0,0
464,1,3,8,11,MALE,FEMALE,39.0833,47.9375,0,0,0,2,3,0,0,0,0,-1,-1,0,0
465,1,1,2,9,MALE,FEMALE,47.36,44.3533,0,0,0,3,1,0,0,0,0,-1,-1,0,0
465,1,8,5,6,MALE,FEMALE,48.864,17.239,0,0,0,3,1,0,0,0,0,-1,-1,0,0
465,1,3,8,11,MALE,FEMALE,39.0833,47.9375,0,0,0,2,3,0,0,0,0,-1,-1,0,0
465,1,6,18,14,MALE,FEMALE,9.00165,28.4279,0,0,0,1,3,0,0,0,0,-1,-1,0,0
467,1,5,17,14,MALE,FEMALE,33.3501,28.4279,0,0,0,1,3,0,0,0,0,-1,-1,0,0
469,1,15,15,16,MALE,FEMALE,20.6905,4.38955,0,0,0,3,3,0,0,0,0,-1,-1,0,0
470,1,10,8,13,MALE,FEMALE,39.0833,40.4999,0,0,0,2,3,0,0,0,0,-1,-1,0,0
472,1,9,5,13,MALE,FEMALE,48.864,40.4999,0,0,0,3,3,0,0,0,0,-1,-1,0,0
473,1,9,5,13,MALE,FEMALE,48.864,40.4999,0,0,0,3,3,0,0,0,0,-1,-1,0,0
473,1,3,8,11,MALE,FEMALE,39.0833,47.9375,0,0,0,2,3,0,0,0,0,-1,-1,0,0
473,1,5,17,14,MALE,FEMALE,33.3501,28.4279,0,0,0,1,3,0,0,0,0,-1,-1,0,0
474,1,7,21,14,MALE,FEMALE,25.2027,28.4279,0,0,0,1,3,0,0,0,0,-1,-1,0,0
475,1,11,15,13,MALE,FEMALE,20.6905,40.4999,0,0,0,3,3,0,0,0,0,-1,-1,0,0
476,1,12,2,7,MALE,FEMALE,47.36,42.5665,0,0,0,3,1,0,0,0,0,-1,-1,0,0
477,1,3,8,11,MALE,FEMALE,39.0833,47.9375,0,0,0,2,3,0,0,0,0,-1,-1,0,0
477,1,10,8,13,MALE,FEMALE,39.0833,40.4999,0,0,0,2,3,0,0,0,0,-1,-1,0,0
477,1,11,15,13,MALE,FEMALE,20.6905,40.4999,0,0,0,3,3,0,0,0,0,-1,-1,0,0
477,1,11,15,13,MALE,FEMALE,20.6905,40.4999,0,0,0,3,3,0,0,0,0,-1,-1,0,0
478,1,8,5,6,MALE,FEMALE,48.864,17.239,0,0,0,3,1,0,0,0,0,-1,-1,0,0
479,1,8,5,6,MALE,FEMALE,48.864,17.239,0,0,0,3,1,0,0,0,0,-1,-1,0,0
480,1,2,4,11,MALE,FEMALE,31.1513,47.9375,0,0,0,1,3,0,0,0,0,-1,-1,0,0
480,1,8,5,6,MALE,FEMALE,48.864,17.239,0,0,0,3,1,0,0,0,0,-1,-1,0,0
480,1,10,8,13,MALE,FEMALE,39.0833,40.4999,0,0,0,2,3,0,0,0,0,-1,-1,0,0
480,1,7,21,14,MALE,FEMALE,25.2027,28.4279,0,0,0,1,3,0,0,0,0,-1,-1,0,0
481,1,12,2,7,MALE,FEMALE,47.36,42.5665,0,0,0,3,1,0,0,0,0,-1,-1,0,0
481,1,3,8,11,MALE,FEMALE,39.0833,47.9375,0,0,0,2,3,0,0,0,0,-1,-1,0,0
481,1,10,8,13,MALE,FEMALE,39.0833,40.4999,0,0,0,2,3,0,0,0,0,-1,-1,0,0
482,1,1,2,9,MALE,FEMALE,47.36,44.3533,0,0,0,3,1,0,0,0,0,-1,-1,0,0
482,1,5,17,14,MALE,FEMALE,33.3501,28.4279,0,0,0,1,3,0,0,0,0,-1,-1,0,0
482,1,7,21,14,MALE,FEMALE,25.2027,28.4279,0,0,0,1,3,0,0,0,0,-1,-1,0,0
483,1,12,2,7,MALE,FEMALE,47.36,42.5665,0,0,0,3,1,0,0,0,0,-1,-1,0,0
484,1,4,15,11,MALE,FEMALE,20.6905,47.9375,0,0,0,3,3,0,0,0,0,-1,-1,0,0
485,1,11,15,13,MALE,FEMALE,20.6905,40.4999,0,0,0,3,3,0,0,0,0,-1,-1,0,0
486,1,12,2,7,MALE,FEMALE,47.36,42.5665,0,0,0,3,1,0,0,0,0,-1,-1,0,0
486,1,13,2,16,MALE,FEMALE,47.36,4.38955,0,0,0,3,3,0,0,0,0,-1,-1,0,0
486,1,14,5,16,MALE,FEMALE,48.864,4.38955,0,0,0,3,3,0,0,0,0,-1,-1,0,0
486,1,5,17,14,MALE,FEMALE,33.3501,28.4279,0,0,0,1,3,0,0,0,0,-1,-1,0,0
487,1,1,2,9,MALE,FEMALE,47.36,44.3533,0,0,0,3,1,0,0,0,0,-1,-1,0,0
487,1,12,2,7,MALE,FEMALE,47.36,42.5665,0,0,0,3,1,0,0,0,0,-1,-1,0,0
487,1,2,4,11,MALE,FEMALE,31.1513,47.9375,0,0,0,1,3,0,0,0,0,-1,-1,0,0
489,1,11,15,13,MALE,FEMALE,20.6905,40.4999,0,0,0,3,3,0,0,0,0,-1,-1,0,0
489,1,5,17,14,MALE,FEMALE,33.3501,28.4279,0,0,0,1,3,0,0,0,0,-1,-1,0,0
492,1,8,5,6,MALE,FEMALE,48.864,17.239,0,0,0,3,1,0,0,0,0,-1,-1,0,0
494,1,13,2,16,MALE,FEMALE,47.36,4.38955,0,0,0,3,3,0,0,0,0,-1,-1,0,0
494,1,3,8,11,MALE,FEMALE,39.0833,47.9375,0,0,0,2,3,0,0,0,0,-1,-1,0,0
495,1,12,2,7,MALE,FEMALE,47.36,42.5665,0,0,0,3,1,0,0,0,0,-1,-1,0,0
495,1,12,2,7,MALE,FEMALE,47.36,42.5665,0,0,0,3,1,0,0,0,0,-1,-1,0,0
495,1,10,8,13,MALE,FEMALE,39.0833,40.4999,0,0,0,2,3,0,0,0,0,-1,-1,0,0
495,1,7,21,14,MALE,FEMALE,25.2027,28.4279,0,0,0,1,3,0,0,0,0,-1,-1,0,0
496,1,10,8,13,MALE,FEMALE,39.0833,40.4999,0,0,0,2,3,0,0,0,0,-1,-1,0,0
497,1,8,5,6,MALE,FEMALE,48.864,17.239,0,0,0,3,1,0,0,0,0,-1,-1,0,0
497,1,6,18,14,MALE,FEMALE,9.00165,28.4279,0,0,0,1,3,0,0,0,0,-1,-1,0,0
498,1,12,2,7,MALE,FEMALE,47.36,42.5665,0,0,0,3,1,0,0,0,0,-1,-1,0,0
498,1,5,17,14,MALE,FEMALE,33.3501,28.4279,0,0,0,1,3,0,0,0,0,-1,-1,0,0
499,1,7,21,14,MALE,FEMALE,25.2027,28.4279,0,0,0,1,3,0,0,0,0,-1,-1,0,0
500,1,9,5,13,MALE,FEMALE,48.864,40.4999,0,0,0,3,3,0,0,0,0,-1,-1,0,0
501,1,14,5,16,MALE,FEMALE,48.864,4.38955,0,0,0,3,3,0,0,0,0,-1,-1,0,0
502,1,8,5,6,MALE,FEMALE,48.864,17.239,0,0,0,3,1,0,0,0,0,-1,-1,0,0
503,1,1,2,9,MALE,FEMALE,47.36,44.3533,0,0,0,3,1,0,0,0,0,-1,-1,0,0
503,1,15,15,16,MALE,FEMALE,20.6905,4.38955,0,0,0,3,3,0,0,0,0,-1,-1,0,0
504,1,4,15,11,MALE,FEMALE,20.6905,47.9375,0,0,0,3,3,0,0,0,0,-1,-1,0,0
504,1,5,17,14,MALE,FEMALE,33.3501,28.4279,0,0,0,1,3,0,0,0,0,-1,-1,0,0
505,1,3,8,11,MALE,FEMALE,39.0833,47.9375,0,0,0,2,3,0,0,0,0,-1,-1,0,0
505,1,11,15,13,MALE,FEMALE,20.6905,40.4999,0,0,0,3,3,0,0,0,0,-1,-1,0,0
508,1,11,15,13,MALE,FEMALE,20.6905,40.4999,0,0,0,3,3,0,0,0,0,-1,-1,0,0
508,1,15,15,16,MALE,FEMALE,20.6905,4.38955,0,0,0,3,3,0,0,0,0,-1,-1,0,0
509,1,5,17,14,MALE,FEMALE,33.3501,28.4279,0,0,0,1,3,0,0,0,0,-1,-1,0,0
510,1,9,5,13,MALE,FEMALE,48.864,40.4999,0,0,0,3,3,0,0,0,0,-1,-1,0,0
510,1,14,5,16,MALE,FEMALE,48.864,4.38955,0,0,0,3,3,0,0,0,0,-1,-1,0,0
511,1,12,2,7,MALE,FEMALE,47.36,42.5665,0,0,0,3,1,0,0,0,0,-1,-1,0,0
512,1,12,2,7,MALE,FEMALE,47.36,42.5665,0,0,0,3,1,0,0,0,0,-1,-1,0,0
512,1,7,21,14,MALE,FEMALE,25.2027,28.4279,0,0,0,1,3,0,0,0,0,-1,-1,0,0
513,1,12,2,7,MALE,FEMALE,47.36,42.5665,0,0,0,3,1,0,0,0,0,-1,-1,0,0
513,1,13,2,16,MALE,FEMALE,47.36,4.38955,0,0,0,3,3,0,0,0,0,-1,-1,0,0
513,1,14,5,16,MALE,FEMALE,48.864,4.38955,0,0,0,3,3,0,0,0,0,-1,-1,0,0
513,1,10,8,13,MALE,FEMALE,39.0833,40.4999,0,0,0,2,3,0,0,0,0,-1,-1,0,0
514,1,6,18,14,MALE,FEMALE,9.00165,28.4279,0,0,0,1,3,0,0,0,0,-1,-1,0,0
516,1,13,2,16,MALE,FEMALE,47.36,4.38955,0,0,0,3,3,0,0,0,0,-1,-1,0,0
517,1,9,5,13,MALE,FEMALE,48.864,40.4999,0,0,0,3,3,0,0,0,0,-1,-1,0,0
517,1,3,8,11,MALE,FEMALE,39.0833,47.9375,0,0,0,2,3,0,0,0,0,-1,-1,0,0
518,1,2,4,11,MALE,FEMALE,31.1513,47.9375,0,0,0,1,3,0,0,0,0,-1,-1,0,0
518,1,3,8,11,MALE,FEMALE,39.0833,47.9375,0,0,0,2,3,0,0,0,0,-1,-1,0,0
520,1,10,8,13,MALE,FEMALE,39.0833,40.4999,0,0,0,2,3,0,0,0,0,-1,-1,0,0
521,1,1,2,9,MALE,FEMALE,47.36,44.3533,0,0,0,3,1,0,0,0,0,-1,-1,0,0
521,1,12,2,7,MALE,FEMALE,47.36,42.5665,0,0,0,3,1,0,0,0,0,-1,-1,0,0
521,1,8,5,6,MALE,FEMALE,48.864,17.239,0,0,0,3,1,0,0,0,0,-1,-1,0,0
521,1,9,5,13,MALE,FEMALE,48.864,40.4999,0,0,0,3,3,0,0,0,0,-1,-1,0,0
521,1,7,21,14,MALE,FEMALE,25.2027,28.4279,0,0,0,1,3,0,0,0,0,-1,-1,0,0
521,1,7,21,14,MALE,FEMALE,25.2027,28.4279,0,0,0,1,3,0,0,0,0,-1,-1,0,0
522,1,9,5,13,MALE,FEMALE,48.864,40.4999,0,0,0,3,3,0,0,0,0,-1,-1,0,0
523,1,2,4,11,MALE,FEMALE,31.1513,47.9375,0,0,0,1,3,0,0,0,0,-1,-1,0,0
523,1,5,17,14,MALE,FEMALE,33.3501,28.4279,0,0,0,1,3,0,0,0,0,-1,-1,0,0
524,1,8,5,6,MALE,FEMALE,48.864,17.239,0,0,0,3,1,0,0,0,0,-1,-1,0,0
524,1,3,8,11,MALE,FEMALE,39.0833,47.9375,0,0,0,2,3,0,0,0,0,-1,-1,0,0
525,1,2,4,11,MALE,FEMALE,31.1513,47.9375,0,0,0,1,3,0,0,0,0,-1,-1,0,0
525,1,3,8,11,MALE,FEMALE,39.0833,47.9375,0,0,0,2,3,0,0,0,0,-1,-1,0,0
525,1,11,15,13,MALE,FEMALE,20.6905,40.4999,0,0,0,3,3,0,0,0,0,-1,-1,0,0
526,1,8,5,6,MALE,FEMALE,48.864,17.239,0,0,0,3,1,0,0,0,0,-1,-1,0,0
526,1,5,17,14,MALE,FEMALE,33.3501,28.4279,0,0,0,1,3,0,0,0,0,-1,-1,0,0
527,1,6,18,14,MALE,FEMALE,9.00165,28.4279,0,0,0,1,3,0,0,0,0,-1,-1,0,0
528,1,13,2,16,MALE,FEMALE,47.36,4.38955,0,0,0,3,3,0,0,0,0,-1,-1,0,0
528,1,3,8,11,MALE,FEMALE,39.0833,47.9375,0,0,0,2,3,0,0,0,0,-1,-1,0,0
528,1,5,17,14,MALE,FEMALE,33.3501,28.4279,0,0,0,1,3,0,0,0,0,-1,-1,0,0
529,1,2,4,11,MALE,FEMALE,31.1513,47.9375,0,0,0,1,3,0,0,0,0,-1,-1,0,0
529,1,9,5,13,MALE,FEMALE,48.864,40.4999,0,0,0,3,3,0,0,0,0,-1,-1,0,0
530,1,9,5,13,MALE,FEMALE,48.864,40.4999,0,0,0,3,3,0,0,0,0,-1,-1,0,0
532,1,5,17,14,MALE,FEMALE,33.3501,28.4279,0,0,0,1,3,0,0,0,0,-1,-1,0,0
533,1,4,15,11,MALE,FEMALE,20.6905,47.9375,0,0,0,3,3,0,0,0,0,-1,-1,0,0
534,1,6,18,14,MALE,FEMALE,9.00165,28.4279,0,0,0,1,3,0,0,0,0,-1,-1,0,0
535,1,8,5,6,MALE,FEMALE,48.864,17.239,0,0,0,3,1,0,0,0,0,-1,-1,0,0
535,1,11,15,13,MALE,FEMALE,20.6905,40.4999,0,0,0,3,3,0,0,0,0,-1,-1,0,0
535,1,5,17,14,MALE,FEMALE,33.3501,28.4279,0,0,0,1,3,0,0,0,0,-1,-1,0,0
536,1,10,8,13,MALE,FEMALE,39.0833,40.4999,0,0,0,2,3,0,0,0,0,-1,-1,0,0
537,1,3,8,11,MALE,FEMALE,39.0833,47.9375,0,0,0,2,3,0,0,0,0,-1,-1,0,0
537,1,3,8,11,MALE,FEMALE,39.0833,47.9375,0,0,0,2,3,0,0,0,0,-1,-1,0,0
538,1,9,5,13,MALE,FEMALE,48.864,40.4999,0,0,0,3,3,0,0,0,0,-1,-1,0,0
538,1,15,15,16,MALE,FEMALE,20.6905,4.38955,0,0,0,3,3,0,0,0,0,-1,-1,0,0
540,1,12,2,7,MALE,FEMALE,47.36,42.5665,0,0,0,3,1,0,0,0,0,-1,-1,0,0
540,1,9,5,13,MALE,FEMALE,48.864,40.4999,0,0,0,3,3,0,0,0,0,-1,-1,0,0
540,1,10,8,13,MALE,FEMALE,39.0833,40.4999,0,0,0,2,3,0,0,0,0,-1,-1,0,0
540,1,15,15,16,MALE,FEMALE,20.6905,4.38955,0,0,0,3,3,0,0,0,0,-1,-1,0,0
541,1,12,2,7,MALE,FEMALE,47.36,42.5665,0,0,0,3,1,0,0,0,0,-1,-1,0,0
541,1,10,8,13,MALE,FEMALE,39.0833,40.4999,0,0,0,2,3,0,0,0,0,-1,-1,0,0
541,1,6,18,14,MALE,FEMALE,9.00165,28.4279,0,0,0,1,3,0,0,0,0,-1,-1,0,0
543,1,1,2,9,MALE,FEMALE,47.36,44.3533,0,0,0,3,1,0,0,0,0,-1,-1,0,0
543,1,3,8,11,MALE,FEMALE,39.0833,47.9375,0,0,0,2,3,0,0,0,0,-1,-1,0,0
545,1,8,5,6,MALE,FEMALE,48.864,17.239,0,0,0,3,1,0,0,0,0,-1,-1,0,0
545,1,14,5,16,MALE,FEMALE,48.864,4.38955,0,0,0,3,3,0,0,0,0,-1,-1,0,0
546,1,12,2,7,MALE,FEMALE,47.36,42.5665,0,0,0,3,1,0,0,0,0,-1,-1,0,0
546,1,7,21,14,MALE,FEMALE,25.2027,28.4279,0,0,0,1,3,0,0,0,0,-1,-1,0,0
547,1,12,2,7,MALE,FEMALE,47.36,42.5665,0,0,0,3,1,0,0,0,0,-1,-1,0,0
548,1,4,15,11,MALE,FEMALE,20.6905,47.9375,0,0,0,3,3,0,0,0,0,-1,-1,0,0
549,1,13,2,16,MALE,FEMALE,47.36,4.38955,0,0,0,3,3,0,0,0,0,-1,-1,0,0
549,1,8,5,6,MALE,FEMALE,48.864,17.239,0,0,0,3,1,0,0,0,0,-1,-1,0,0
549,1,3,8,11,MALE,FEMALE,39.0833,47.9375,0,0,0,2,3,0,0,0,0,-1,-1,0,0
550,1,7,21,14,MALE,FEMALE,25.2027,28.4279,0,0,0,1,3,0,0,0,0,-1,-1,0,0
551,1,3,8,11,MALE,FEMALE,39.0833,47.9375,0,0,0,2,3,0,0,0,0,-1,-1,0,0
551,1,6,18,14,MALE,FEMALE,9.00165,28.4279,0,0,0,1,3,0,0,0,0,-1,-1,0,0
551,1,6,18,14,MALE,FEMALE,9.00165,28.4279,0,0,0,1,3,0,0,0,0,-1,-1,0,0
552,1,2,4,11,MALE,FEMALE,31.1513,47.9375,0,0,0,1,3,0,0,0,0,-1,-1,0,0
552,1,10,8,13,MALE,FEMALE,39.0833,40.4999,0,0,0,2,3,0,0,0,0,-1,-1,0,0
553,1,13,2,16,MALE,FEMALE,47.36,4.38955,0,0,0,3,3,0,0,0,0,-1,-1,0,0
553,1,5,17,14,MALE,FEMALE,33.3501,28.4279,0,0,0,1,3,0,0,0,0,-1,-1,0,0
553,1,5,17,14,MALE,FEMALE,33.3501,28.4279,0,0,0,1,3,0,0,0,0,-1,-1,0,0
555,1,14,5,16,MALE,FEMALE,48.864,4.38955,0,0,0,3,3,0,0,0,0,-1,-1,0,0
556,1,12,2,7,MALE,FEMALE,47.36,42.5665,0,0,0,3,1,0,0,0,0,-1,-1,0,0
557,1,2,4,11,MALE,FEMALE,31.1513,47.9375,0,0,0,1,3,0,0,0,0,-1,-1,0,0
558,1,7,21,14,MALE,FEMALE,25.2027,28.4279,0,0,0,1,3,0,0,0,0,-1,-1,0,0
559,1,13,2,16,MALE,FEMALE,47.36,4.38955,0,0,0,3,3,0,0,0,0,-1,-1,0,0
559,1,13,2,16,MALE,FEMALE,47.36,4.38955,0,0,0,3,3,0,0,0,0,-1,-1,0,0
559,1,13,2,16,MALE,FEMALE,47.36,4.38955,0,0,0,3,3,0,0,0,0,-1,-1,0,0
559,1,2,4,11,MALE,FEMALE,31.1513,47.9375,0,0,0,1,3,0,0,0,0,-1,-1,0,0
559,1,3,8,11,MALE,FEMALE,39.0833,47.9375,0,0,0,2,3,0,0,0,0,-1,-1,0,0
560,1,15,15,16,MALE,FEMALE,20.6905,4.38955,0,0,0,3,3,0,0,0,0,-1,-1,0,0
561,1,8,5,6,MALE,FEMALE,48.864,17.239,0,0,0,3,1,0,0,0,0,-1,-1,0,0
562,1,9,5,13,MALE,FEMALE,48.864,40.4999,0,0,0,3,3,0,0,0,0,-1,-1,0,0
562,1,7,21,14,MALE,FEMALE,25.2027,28.4279,0,0,0,1,3,0,0,0,0,-1,-1,0,0
563,1,13,2,16,MALE,FEMALE,47.36,4.38955,0,0,0,3,3,0,0,0,0,-1,-1,0,0
563,1,10,8,13,MALE,FEMALE,39.0833,40.4999,0,0,0,2,3,0,0,0,0,-1,-1,0,0
563,1,15,15,16,MALE,FEMALE,20.6905,4.38955,0,0,0,3,3,0,0,0,0,-1,-1,0,0
564,1,13,2,16,MALE,FEMALE,47.36,4.38955,0,0,0,3,3,0,0,0,0,-1,-1,0,0
564,1,8,5,6,MALE,FEMALE,48.864,17.239,0,0,0,3,1,0,0,0,0,-1,-1,0,0
564,1,9,5,13,MALE,FEMALE,48.864,40.4999,0,0,0,3,3,0,0,0,0,-1,-1,0,0
564,1,3,8,11,MALE,FEMALE,39.0833,47.9375,0,0,0,2,3,0,0,0,0,-1,-1,0,0
564,1,4,15,11,MALE,FEMALE,20.6905,47.9375,0,0,0,3,3,0,0,0,0,-1,-1,0,0
564,1,11,15,13,MALE,FEMALE,20.6905,40.4999,0,0,0,3,3,0,0,0,0,-1,-1,0,0
564,1,7,21,14,MALE,FEMALE,25.2027,28.4279,0,0,0,1,3,0,0,0,0,-1,-1,0,0
565,1,12,2,7,MALE,FEMALE,47.36,42.5665,0,0,0,3,1,0,0,0,0,-1,-1,0,0
565,1,14,5,16,MALE,FEMALE,48.864,4.38955,0,0,0,3,3,0,0,0,0,-1,-1,0,0
565,1,15,15,16,MALE,FEMALE,20.6905,4.38955,0,0,0,3,3,0,0,0,0,-1,-1,0,0
567,1,2,4,11,MALE,FEMALE,31.1513,47.9375,0,0,0,1,3,0,0,0,0,-1,-1,0,0
567,1,3,8,11,MALE,FEMALE,39.0833,47.9375,0,0,0,2,3,0,0,0,0,-1,-1,0,0
569,1,13,2,16,MALE,FEMALE,47.36,4.38955,0,0,0,3,3,0,0,0,0,-1,-1,0,0
569,1,2,4,11,MALE,FEMALE,31.1513,47.9375,0,0,0,1,3,0,0,0,0,-1,-1,0,0
569,1,10,8,13,MALE,FEMALE,39.0833,40.4999,0,0,0,2,3,0,0,0,0,-1,-1,0,0
570,1,1,2,9,MALE,FEMALE,47.36,44.3533,0,0,0,3,1,0,0,0,0,-1,-1,0,0
570,1,10,8,13,MALE,FEMALE,39.0833,40.4999,0,0,0,2,3,0,0,0,0,-1,-1,0,0
571,1,7,21,14,MALE,FEMALE,25.2027,28.4279,0,0,0,1,3,0,0,0,0,-1,-1,0,0
574,1,10,8,13,MALE,FEMALE,39.0833,40.4999,0,0,0,2,3,0,0,0,0,-1,-1,0,0
574,1,5,17,14,MALE,FEMALE,33.3501,28.4279,0,0,0,1,3,0,0,0,0,-1,-1,0,0
576,1,3,8,11,MALE,FEMALE,39.0833,47.9375,0,0,0,2,3,0,0,0,0,-1,-1,0,0
577,1,14,5,16,MALE,FEMALE,48.864,4.38955,0,0,0,3,3,0,0,0,0,-1,-1,0,0
577,1,6,18,14,MALE,FEMALE,9.00165,28.4279,0,0,0,1,3,0,0,0,0,-1,-1,0,0
578,1,12,2,7,MALE,FEMALE,47.36,42.5665,0,0,0,3,1,0,0,0,0,-1,-1,0,0
578,1,10,8,13,MALE,FEMALE,39.0833,40.4999,0,0,0,2,3,0,0,0,0,-1,-1,0,0
578,1,11,15,13,MALE,FEMALE,20.6905,40.4999,0,0,0,3,3,0,0,0,0,-1,-1,0,0
578,1,7,21,14,MALE,FEMALE,25.2027,28.4279,0,0,0,1,3,0,0,0,0,-1,-1,0,0
579,1,13,2,16,MALE,FEMALE,47.36,4.38955,0,0,0,3,3,0,0,0,0,-1,-1,0,0
579,1,9,5,13,MALE,FEMALE,48.864,40.4999,0,0,0,3,3,0,0,0,0,-1,-1,0,0
579,1,4,15,11,MALE,FEMALE,20.6905,47.9375,0,0,0,3,3,0,0,0,0,-1,-1,0,0
579,1,7,21,14,MALE,FEMALE,25.2027,28.4279,0,0,0,1,3,0,0,0,0,-1,-1,0,0
579,1,7,21,14,MALE,FEMALE,25.2027,28.4279,0,0,0,1,3,0,0,0,0,-1,-1,0,0
580,1,7,21,14,MALE,FEMALE,25.2027,28.4279,0,0,0,1,3,0,0,0,0,-1,-1,0,0
582,1,9,5,13,MALE,FEMALE,48.864,40.4999,0,0,0,3,3,0,0,0,0,-1,-1,0,0
583,1,7,21,14,MALE,FEMALE,25.2027,28.4279,0,0,0,1,3,0,0,0,0,-1,-1,0,0
584,1,12,2,7,MALE,FEMALE,47.36,42.5665,0,0,0,3,1,0,0,0,0,-1,-1,0,0
585,1,3,8,11,MALE,FEMALE,39.0833,47.9375,0,0,0,2,3,0,0,0,0,-1,-1,0,0
585,1,4,15,11,MALE,FEMALE,20.6905,47.9375,0,0,0,3,3,0,0,0,0,-1,-1,0,0
586,1,13,2,16,MALE,FEMALE,47.36,4.38955,0,0,0,3,3,0,0,0,0,-1,-1,0,0
586,1,15,15,16,MALE,FEMALE,20.6905,4.38955,0,0,0,3,3,0,0,0,0,-1,-1,0,0
587,1,1,2,9,MALE,FEMALE,47.36,44.3533,0,0,0,3,1,0,0,0,0,-1,-1,0,0
587,1,6,18,14,MALE,FEMALE,9.00165,28.4279,0,0,0,1,3,0,0,0,0,-1,-1,0,0
588,1,8,5,6,MALE,FEMALE,48.864,17.239,0,0,0,3,1,0,0,0,0,-1,-1,0,0
588,1,4,15,11,MALE,FEMALE,20.6905,47.9375,0,0,0,3,3,0,0,0,0,-1,-1,0,0
589,1,2,4,11,MALE,FEMALE,31.1513,47.9375,0,0,0,1,3,0,0,0,0,-1,-1,0,0
589,1,10,8,13,MALE,FEMALE,39.0833,40.4999,0,0,0,2,3,0,0,0,0,-1,-1,0,0
589,1,4,15,11,MALE,FEMALE,20.6905,47.9375,0,0,0,3,3,0,0,0,0,-1,-1,0,0
590,1,1,2,9,MALE,FEMALE,47.36,44.3533,0,0,0,3,1,0,0,0,0,-1,-1,0,0
590,1,3,8,11,MALE,FEMALE,39.0833,47.9375,0,0,0,2,3,0,0,0,0,-1,-1,0,0
591,1,15,15,16,MALE,FEMALE,20.6905,4.38955,0,0,0,3,3,0,0,0,0,-1,-1,0,0
592,1,12,2,7,MALE,FEMALE,47.36,42.5665,0,0,0,3,1,0,0,0,0,-1,-1,0,0
592,1,14,5,16,MALE,FEMALE,48.864,4.38955,0,0,0,3,3,0,0,0,0,-1,-1,0,0
592,1,15,15,16,MALE,FEMALE,20.6905,4.38955,0,0,0,3,3,0,0,0,0,-1,-1,0,0
593,1,8,5,6,MALE,FEMALE,48.864,17.239,0,0,0,3,1,0,0,0,0,-1,-1,0,0
593,1,4,15,11,MALE,FEMALE,20.6905,47.9375,0,0,0,3,3,0,0,0,0,-1,-1,0,0
594,1,12,2,7,MALE,FEMALE,47.36,42.5665,0,0,0,3,1,0,0,0,0,-1,-1,0,0
595,1,8,5,6,MALE,FEMALE,48.864,17.239,0,0,0,3,1,0,0,0,0,-1,-1,0,0
595,1,14,5,16,MALE,FEMALE,48.864,4.38955,0,0,0,3,3,0,0,0,0,-1,-1,0,0
595,1,4,15,11,MALE,FEMALE,20.6905,47.9375,0,0,0,3,3,0,0,0,0,-1,-1,0,0
596,1,3,8,11,MALE,FEMALE,39.0833,47.9375,0,0,0,2,3,0,0,0,0,-1,-1,0,0
596,1,6,18,14,MALE,FEMALE,9.00165,28.4279,0,0,0,1,3,0,0,0,0,-1,-1,0,0
597,1,14,5,16,MALE,FEMALE,48.864,4.38955,0,0,0,3,3,0,0,0,0,-1,-1,0,0
598,1,12,2,7,MALE,FEMALE,47.36,42.5665,0,0,0,3,1,0,0,0,0,-1,-1,0,0
599,1,12,2,7,MALE,FEMALE,47.36,42.5665,0,0,0,3,1,0,0,0,0,-1,-1,0,0
599,1,4,15,11,MALE,FEMALE,20.6905,47.9375,0,0,0,3,3,0,0,0,0,-1,-1,0,0
600,1,8,5,6,MALE,FEMALE,48.864,17.239,0,0,0,3,1,0,0,0,0,-1,-1,0,0
600,1,10,8,13,MALE,FEMALE,39.0833,40.4999,0,0,0,2,3,0,0,0,0,-1,-1,0,0
600,1,11,15,13,MALE,FEMALE,20.6905,40.4999,0,0,0,3,3,0,0,0,0,-1,-1,0,0
601,1,2,4,11,MALE,FEMALE,31.1513,47.9375,0,0,0,1,3,0,0,0,0,-1,-1,0,0
601,1,10,8,13,MALE,FEMALE,39.0833,40.4999,0,0,0,2,3,0,0,0,0,-1,-1,0,0
601,1,10,8,13,MALE,FEMALE,39.0833,40.4999,0,0,0,2,3,0,0,0,0,-1,-1,0,0
601,1,4,15,11,MALE,FEMALE,20.6905,47.9375,0,0,0,3,3,0,0,0,0,-1,-1,0,0
601,1,5,17,14,MALE,FEMALE,33.3501,28.4279,0,0,0,1,3,0,0,0,0,-1,-1,0,0
601,1,6,18,14,MALE,FEMALE,9.00165,28.4279,0,0,0,1,3,0,0,0,0,-1,-1,0,0
604,1,14,5,16,MALE,FEMALE,48.864,4.38955,0,0,0,3,3,0,0,0,0,-1,-1,0,0
604,1,3,8,11,MALE,FEMALE,39.0833,47.9375,0,0,0,2,3,0,0,0,0,-1,-1,0,0
605,1,9,5,13,MALE,FEMALE,48.864,40.4999,0,0,0,3,3,0,0,0,0,-1,-1,0,0
605,1,3,8,11,MALE,FEMALE,39.0833,47.9375,0,0,0,2,3,0,0,0,0,-1,-1,0,0
606,1,2,4,11,MALE,FEMALE,31.1513,47.9375,0,0,0,1,3,0,0,0,0,-1,-1,0,0
606,1,14,5,16,MALE,FEMALE,48.864,4.38955,0,0,0,3,3,0,0,0,0,-1,-1,0,0
606,1,3,8,11,MALE,FEMALE,39.0833,47.9375,0,0,0,2,3,0,0,0,0,-1,-1,0,0
607,1,1,2,9,MALE,FEMALE,47.36,44.3533,0,0,0,3,1,0,0,0,0,-1,-1,0,0
608,1,2,4,11,MALE,FEMALE,31.1513,47.9375,0,0,0,1,3,0,0,0,0,-1,-1,0,0
608,1,7,21,14,MALE,FEMALE,25.2027,28.4279,0,0,0,1,3,0,0,0,0,-1,-1,0,0
609,1,9,5,13,MALE,FEMALE,48.864,40.4999,0,0,0,3,3,0,0,0,0,-1,-1,0,0
609,1,14,5,16,MALE,FEMALE,48.864,4.38955,0,0,0,3,3,0,0,0,0,-1,-1,0,0
609,1,6,18,14,MALE,FEMALE,9.00165,28.4279,0,0,0,1,3,0,0,0,0,-1,-1,0,0
610,1,1,2,9,MALE,FEMALE,47.36,44.3533,0,0,0,3,1,0,0,0,0,-1,-1,0,0
610,1,13,2,16,MALE,FEMALE,47.36,4.38955,0,0,0,3,3,0,0,0,0,-1,-1,0,0
610,1,8,5,6,MALE,FEMALE,48.864,17.239,0,0,0,3,1,0,0,0,0,-1,-1,0,0
611,1,5,17,14,MALE,FEMALE,33.3501,28.4279,0,0,0,1,3,0,0,0,0,-1,-1,0,0
612,1,7,21,14,MALE,FEMALE,25.2027,28.4279,0,0,0,1,3,0,0,0,0,-1,-1,0,0
616,1,15,15,16,MALE,FEMALE,20.6905,4.38955,0,0,0,3,3,0,0,0,0,-1,-1,0,0
616,1,5,17,14,MALE,FEMALE,33.3501,28.4279,0,0,0,1,3,0,0,0,0,-1,-1,0,0
617,1,7,21,14,MALE,FEMALE,25.2027,28.4279,0,0,0,1,3,0,0,0,0,-1,-1,0,0
620,1,6,18,14,MALE,FEMALE,9.00165,28.4279,0,0,0,1,3,0,0,0,0,-1,-1,0,0
621,1,12,2,7,MALE,FEMALE,47.36,42.5665,0,0,0,3,1,0,0,0,0,-1,-1,0,0
621,1,14,5,16,MALE,FEMALE,48.864,4.38955,0,0,0,3,3,0,0,0,0,-1,-1,0,0
623,1,2,4,11,MALE,FEMALE,31.1513,47.9375,0,0,0,1,3,0,0,0,0,-1,-1,0,0
623,1,6,18,14,MALE,FEMALE,9.00165,28.4279,0,0,0,1,3,0,0,0,0,-1,-1,0,0
625,1,1,2,9,MALE,FEMALE,47.36,44.3533,0,0,0,3,1,0,0,0,0,-1,-1,0,0
625,1,9,5,13,MALE,FEMALE,48.864,40.4999,0,0,0,3,3,0,0,0,0,-1,-1,0,0
625,1,11,15,13,MALE,FEMALE,20.6905,40.4999,0,0,0,3,3,0,0,0,0,-1,-1,0,0
626,1,1,2,9,MALE,FEMALE,47.36,44.3533,0,0,0,3,1,0,0,0,0,-1,-1,0,0
626,1,12,2,7,MALE,FEMALE,47.36,42.5665,0,0,0,3,1,0,0,0,0,-1,-1,0,0
626,1,9,5,13,MALE,FEMALE,48.864,40.4999,0,0,0,3,3,0,0,0,0,-1,-1,0,0
626,1,10,8,13,MALE,FEMALE,39.0833,40.4999,0,0,0,2,3,0,0,0,0,-1,-1,0,0
626,1,15,15,16,MALE,FEMALE,20.6905,4.38955,0,0,0,3,3,0,0,0,0,-1,-1,0,0
627,1,8,5,6,MALE,FEMALE,48.864,17.239,0,0,0,3,1,0,0,0,0,-1,-1,0,0
627,1,5,17,14,MALE,FEMALE,33.3501,28.4279,0,0,0,1,3,0,0,0,0,-1,-1,0,0
627,1,6,18,14,MALE,FEMALE,9.00165,28.4279,0,0,0,1,3,0,0,0,0,-1,-1,0,0
628,1,5,17,14,MALE,FEMALE,33.3501,28.4279,0,0,0,1,3,0,0,0,0,-1,-1,0,0
629,1,1,2,9,MALE,FEMALE,47.36,44.3533,0,0,0,3,1,0,0,0,0,-1,-1,0,0
630,1,5,17,14,MALE,FEMALE,33.3501,28.4279,0,0,0,1,3,0,0,0,0,-1,-1,0,0
632,1,2,4,11,MALE,FEMALE,31.1513,47.9375,0,0,0,1,3,0,0,0,0,-1,-1,0,0
632,1,11,15,13,MALE,FEMALE,20.6905,40.4999,0,0,0,3,3,0,0,0,0,-1,-1,0,0
633,1,2,4,11,MALE,FEMALE,31.1513,47.9375,0,0,0,1,3,0,0,0,0,-1,-1,0,0
633,1,10,8,13,MALE,FEMALE,39.0833,40.4999,0,0,0,2,3,0,0,0,0,-1,-1,0,0
634,1,8,5,6,MALE,FEMALE,48.864,17.239,0,0,0,3,1,0,0,0,0,-1,-1,0,0
634,1,4,15,11,MALE,FEMALE,20.6905,47.9375,0,0,0,3,3,0,0,0,0,-1,-1,0,0
635,1,9,5,13,MALE,FEMALE,48.864,40.4999,0,0,0,3,3,0,0,0,0,-1,-1,0,0
635,1,3,8,11,MALE,FEMALE,39.0833,47.9375,0,0,0,2,3,0,0,0,0,-1,-1,0,0
636,1,3,8,11,MALE,FEMALE,39.0833,47.9375,0,0,0,2,3,0,0,0,0,-1,-1,0,0
636,1,4,15,11,MALE,FEMALE,20.6905,47.9375,0,0,0,3,3,0,0,0,0,-1,-1,0,0
636,1,4,15,11,MALE,FEMALE,20.6905,47.9375,0,0,0,3,3,0,0,0,0,-1,-1,0,0
636,1,15,15,16,MALE,FEMALE,20.6905,4.38955,0,0,0,3,3,0,0,0,0,-1,-1,0,0
637,1,8,5,6,MALE,FEMALE,48.864,17.239,0,0,0,3,1,0,0,0,0,-1,-1,0,0
637,1,11,15,13,MALE,FEMALE,20.6905,40.4999,0,0,0,3,3,0,0,0,0,-1,-1,0,0
638,1,9,5,13,MALE,FEMALE,48.864,40.4999,0,0,0,3,3,0,0,0,0,-1,-1,0,0
639,1,14,5,16,MALE,FEMALE,48.864,4.38955,0,0,0,3,3,0,0,0,0,-1,-1,0,0
640,1,2,4,11,MALE,FEMALE,31.1513,47.9375,0,0,0,1,3,0,0,0,0,-1,-1,0,0
640,1,8,5,6,MALE,FEMALE,48.864,17.239,0,0,0,3,1,0,0,0,0,-1,-1,0,0
641,1,13,2,16,MALE,FEMALE,47.36,4.38955,0,0,0,3,3,0,0,0,0,-1,-1,0,0
642,1,4,15,11,MALE,FEMALE,20.6905,47.9375,0,0,0,3,3,0,0,0,0,-1,-1,0,0
642,1,15,15,16,MALE,FEMALE,20.6905,4.38955,0,0,0,3,3,0,0,0,0,-1,-1,0,0
643,1,4,15,11,MALE,FEMALE,20.6905,47.9375,0,0,0,3,3,0,0,0,0,-1,-1,0,0
644,1,12,2,7,MALE,FEMALE,47.36,42.5665,0,0,0,3,1,0,0,0,0,-1,-1,0,0
644,1,8,5,6,MALE,FEMALE,48.864,17.239,0,0,0,3,1,0,0,0,0,-1,-1,0,0
644,1,7,21,14,MALE,FEMALE,25.2027,28.4279,0,0,0,1,3,0,0,0,0,-1,-1,0,0
645,1,9,5,13,MALE,FEMALE,48.864,40.4999,0,0,0,3,3,0,0,0,0,-1,-1,0,0
645,1,11,15,13,MALE,FEMALE,20.6905,40.4999,0,0,0,3,3,0,0,0,0,-1,-1,0,0
646,1,9,5,13,MALE,FEMALE,48.864,40.4999,0,0,0,3,3,0,0,0,0,-1,-1,0,0
646,1,14,5,16,MALE,FEMALE,48.864,4.38955,0,0,0,3,3,0,0,0,0,-1,-1,0,0
646,1,14,5,16,MALE,FEMALE,48.864,4.38955,0,0,0,3,3,0,0,0,0,-1,-1,0,0
647,1,2,4,11,MALE,FEMALE,31.1513,47.9375,0,0,0,1,3,0,0,0,0,-1,-1,0,0
649,1,5,17,14,MALE,FEMALE,33.3501,28.4279,0,0,0,1,3,0,0,0,0,-1,-1,0,0
649,1,5,17,14,MALE,FEMALE,33.3501,28.4279,0,0,0,1,3,0,0,0,0,-1,-1,0,0
650,1,12,2,7,MALE,FEMALE,47.36,42.5665,0,0,0,3,1,0,0,0,0,-1,-1,0,0
652,1,4,15,11,MALE,FEMALE,20.6905,47.9375,0,0,0,3,3,0,0,0,0,-1,-1,0,0
654,1,4,15,11,MALE,FEMALE,20.6905,47.9375,0,0,0,3,3,0,0,0,0,-1,-1,0,0
654,1,5,17,14,MALE,FEMALE,33.3501,28.4279,0,0,0,1,3,0,0,0,0,-1,-1,0,0
655,1,12,2,7,MALE,FEMALE,47.36,42.5665,0,0,0,3,1,0,0,0,0,-1,-1,0,0
655,1,14,5,16,MALE,FEMALE,48.864,4.38955,0,0,0,3,3,0,0,0,0,-1,-1,0,0
656,1,10,8,13,MALE,FEMALE,39.0833,40.4999,0,0,0,2,3,0,0,0,0,-1,-1,0,0
656,1,5,17,14,MALE,FEMALE,33.3501,28.4279,0,0,0,1,3,0,0,0,0,-1,-1,0,0
657,1,2,4,11,MALE,FEMALE,31.1513,47.9375,0,0,0,1,3,0,0,0,0,-1,-1,0,0
657,1,3,8,11,MALE,FEMALE,39.0833,47.9375,0,0,0,2,3,0,0,0,0,-1,-1,0,0
658,1,8,5,6,MALE,FEMALE,48.864,17.239,0,0,0,3,1,0,0,0,0,-1,-1,0,0
658,1,8,5,6,MALE,FEMALE,48.864,17.239,0,0,0,3,1,0,0,0,0,-1,-1,0,0
658,1,14,5,16,MALE,FEMALE,48.864,4.38955,0,0,0,3,3,0,0,0,0,-1,-1,0,0
658,1,6,18,14,MALE,FEMALE,9.00165,28.4279,0,0,0,1,3,0,0,0,0,-1,-1,0,0
661,1,2,4,11,MALE,FEMALE,31.1513,47.9375,0,0,0,1,3,0,0,0,0,-1,-1,0,0
661,1,8,5,6,MALE,FEMALE,48.864,17.239,0,0,0,3,1,0,0,0,0,-1,-1,0,0
661,1,4,15,11,MALE,FEMALE,20.6905,47.9375,0,0,0,3,3,0,0,0,0,-1,-1,0,0
662,1,2,4,11,MALE,FEMALE,31.1513,47.9375,0,0,0,1,3,0,0,0,0,-1,-1,0,0
662,1,8,5,6,MALE,FEMALE,48.864,17.239,0,0,0,3,1,0,0,0,0,-1,-1,0,0
662,1,11,15,13,MALE,FEMALE,20.6905,40.4999,0,0,0,3,3,0,0,0,0,-1,-1,0,0
663,1,4,15,11,MALE,FEMALE,20.6905,47.9375,0,0,0,3,3,0,0,0,0,-1,-1,0,0
663,1,11,15,13,MALE,FEMALE,20.6905,40.4999,0,0,0,3,3,0,0,0,0,-1,-1,0,0
664,1,8,5,6,MALE,FEMALE,48.864,17.239,0,0,0,3,1,0,0,0,0,-1,-1,0,0
664,1,14,5,16,MALE,FEMALE,48.864,4.38955,0,0,0,3,3,0,0,0,0,-1,-1,0,0
665,1,8,5,6,MALE,FEMALE,48.864,17.239,0,0,0,3,1,0,0,0,0,-1,-1,0,0
665,1,9,5,13,MALE,FEMALE,48.864,40.4999,0,0,0,3,3,0,0,0,0,-1,-1,0,0
666,1,1,2,9,MALE,FEMALE,47.36,44.3533,0,0,0,3,1,0,0,0,0,-1,-1,0,0
666,1,13,2,16,MALE,FEMALE,47.36,4.38955,0,0,0,3,3,0,0,0,0,-1,-1,0,0
666,1,13,2,16,MALE,FEMALE,47.36,4.38955,0,0,0,3,3,0,0,0,0,-1,-1,0,0
666,1,11,15,13,MALE,FEMALE,20.6905,40.4999,0,0,0,3,3,0,0,0,0,-1,-1,0,0
667,1,3,8,11,MALE,FEMALE,39.0833,47.9375,0,0,0,2,3,0,0,0,0,-1,-1,0,0
668,1,5,17,14,MALE,FEMALE,33.3501,28.4279,0,0,0,1,3,0,0,0,0,-1,-1,0,0
669,1,15,15,16,MALE,FEMALE,20.6905,4.38955,0,0,0,3,3,0,0,0,0,-1,-1,0,0
670,1,12,2,7,MALE,FEMALE,47.36,42.5665,0,0,0,3,1,0,0,0,0,-1,-1,0,0
671,1,13,2,16,MALE,FEMALE,47.36,4.38955,0,0,0,3,3,0,0,0,0,-1,-1,0,0
671,1,8,5,6,MALE,FEMALE,48.864,17.239,0,0,0,3,1,0,0,0,0,-1,-1,0,0
671,1,8,5,6,MALE,FEMALE,48.864,17.239,0,0,0,3,1,0,0,0,0,-1,-1,0,0
671,1,8,5,6,MALE,FEMALE,48.864,17.239,0,0,0,3,1,0,0,0,0,-1,-1,0,0
672,1,2,4,11,MALE,FEMALE,31.1513,47.9375,0,0,0,1,3,0,0,0,0,-1,-1,0,0
673,1,1,2,9,MALE,FEMALE,47.36,44.3533,0,0,0,3,1,0,0,0,0,-1,-1,0,0
673,1,9,5,13,MALE,FEMALE,48.864,40.4999,0,0,0,3,3,0,0,0,0,-1,-1,0,0
673,1,3,8,11,MALE,FEMALE,39.0833,47.9375,0,0,0,2,3,0,0,0,0,-1,-1,0,0
673,1,5,17,14,MALE,FEMALE,33.3501,28.4279,0,0,0,1,3,0,0,0,0,-1,-1,0,0
673,1,6,18,14,MALE,FEMALE,9.00165,28.4279,0,0,0,1,3,0,0,0,0,-1,-1,0,0
674,1,2,4,11,MALE,FEMALE,31.1513,47.9375,0,0,0,1,3,0,0,0,0,-1,-1,0,0
674,1,2,4,11,MALE,FEMALE,31.1513,47.9375,0,0,0,1,3,0,0,0,0,-1,-1,0,0
674,1,14,5,16,MALE,FEMALE,48.864,4.38955,0,0,0,3,3,0,0,0,0,-1,-1,0,0
676,1,4,15,11,MALE,FEMALE,20.6905,47.9375,0,0,0,3,3,0,0,0,0,-1,-1,0,0
677,1,4,15,11,MALE,FEMALE,20.6905,47.9375,0,0,0,3,3,0,0,0,0,-1,-1,0,0
678,1,2,4,11,MALE,FEMALE,31.1513,47.9375,0,0,0,1,3,0,0,0,0,-1,-1,0,0
678,1,8,5,6,MALE,FEMALE,48.864,17.239,0,0,0,3,1,0,0,0,0,-1,-1,0,0
679,1,12,2,7,MALE,FEMALE,47.36,42.5665,0,0,0,3,1,0,0,0,0,-1,-1,0,0
679,1,9,5,13,MALE,FEMALE,48.864,40.4999,0,0,0,3,3,0,0,0,0,-1,-1,0,0
680,1,3,8,11,MALE,FEMALE,39.0833,47.9375,0,0,0,2,3,0,0,0,0,-1,-1,0,0
680,1,15,15,16,MALE,FEMALE,20.6905,4.38955,0,0,0,3,3,0,0,0,0,-1,-1,0,0
682,1,8,5,6,MALE,FEMALE,48.864,17.239,0,0,0,3,1,0,0,0,0,-1,-1,0,0
683,1,13,2,16,MALE,FEMALE,47.36,4.38955,0,0,0,3,3,0,0,0,0,-1,-1,0,0
683,1,15,15,16,MALE,FEMALE,20.6905,4.38955,0,0,0,3,3,0,0,0,0,-1,-1,0,0
683,1,7,21,14,MALE,FEMALE,25.2027,28.4279,0,0,0,1,3,0,0,0,0,-1,-1,0,0
684,1,2,4,11,MALE,FEMALE,31.1513,47.9375,0,0,0,1,3,0,0,0,0,-1,-1,0,0
684,1,9,5,13,MALE,FEMALE,48.864,40.4999,0,0,0,3,3,0,0,0,0,-1,-1,0,0
685,1,14,5,16,MALE,FEMALE,48.864,4.38955,0,0,0,3,3,0,0,0,0,-1,-1,0,0
685,1,4,15,11,MALE,FEMALE,20.6905,47.9375,0,0,0,3,3,0,0,0,0,-1,-1,0,0
686,1,1,2,9,MALE,FEMALE,47.36,44.3533,0,0,0,3,1,0,0,0,0,-1,-1,0,0
686,1,13,2,16,MALE,FEMALE,47.36,4.38955,0,0,0,3,3,0,0,0,0,-1,-1,0,0
686,1,14,5,16,MALE,FEMALE,48.864,4.38955,0,0,0,3,3,0,0,0,0,-1,-1,0,0
686,1,4,15,11,MALE,FEMALE,20.6905,47.9375,0,0,0,3,3,0,0,0,0,-1,-1,0,0
687,1,10,8,13,MALE,FEMALE,39.0833,40.4999,0,0,0,2,3,0,0,0,0,-1,-1,0,0
689,1,1,2,9,MALE,FEMALE,47.36,44.3533,0,0,0,3,1,0,0,0,0,-1,-1,0,0
689,1,2,4,11,MALE,FEMALE,31.1513,47.9375,0,0,0,1,3,0,0,0,0,-1,-1,0,0
690,1,1,2,9,MALE,FEMALE,47.36,44.3533,0,0,0,3,1,0,0,0,0,-1,-1,0,0
690,1,2,4,11,MALE,FEMALE,31.1513,47.9375,0,0,0,1,3,0,0,0,0,-1,-1,0,0
690,1,8,5,6,MALE,FEMALE,48.864,17.239,0,0,0,3,1,0,0,0,0,-1,-1,0,0
690,1,4,15,11,MALE,FEMALE,20.6905,47.9375,0,0,0,3,3,0,0,0,0,-1,-1,0,0
691,1,2,4,11,MALE,FEMALE,31.1513,47.9375,0,0,0,1,3,0,0,0,0,-1,-1,0,0
691,1,4,15,11,MALE,FEMALE,20.6905,47.9375,0,0,0,3,3,0,0,0,0,-1,-1,0,0
692,1,4,15,11,MALE,FEMALE,20.6905,47.9375,0,0,0,3,3,0,0,0,0,-1,-1,0,0
693,1,13,2,16,MALE,FEMALE,47.36,4.38955,0,0,0,3,3,0,0,0,0,-1,-1,0,0
693,1,4,15,11,MALE,FEMALE,20.6905,47.9375,0,0,0,3,3,0,0,0,0,-1,-1,0,0
694,1,2,4,11,MALE,FEMALE,31.1513,47.9375,0,0,0,1,3,0,0,0,0,-1,-1,0,0
694,1,3,8,11,MALE,FEMALE,39.0833,47.9375,0,0,0,2,3,0,0,0,0,-1,-1,0,0
694,1,10,8,13,MALE,FEMALE,39.0833,40.4999,0,0,0,2,3,0,0,0,0,-1,-1,0,0
695,1,13,2,16,MALE,FEMALE,47.36,4.38955,0,0,0,3,3,0,0,0,0,-1,-1,0,0
695,1,13,2,16,MALE,FEMALE,47.36,4.38955,0,0,0,3,3,0,0,0,0,-1,-1,0,0
695,1,9,5,13,MALE,FEMALE,48.864,40.4999,0,0,0,3,3,0,0,0,0,-1,-1,0,0
698,1,11,15,13,MALE,FEMALE,20.6905,40.4999,0,0,0,3,3,0,0,0,0,-1,-1,0,0
699,1,5,17,14,MALE,FEMALE,33.3501,28.4279,0,0,0,1,3,0,0,0,0,-1,-1,0,0
700,1,1,2,9,MALE,FEMALE,47.36,44.3533,0,0,0,3,1,0,0,0,0,-1,-1,0,0
702,1,2,4,11,MALE,FEMALE,31.1513,47.9375,0,0,0,1,3,0,0,0,0,-1,-1,0,0
703,1,7,21,14,MALE,FEMALE,25.2027,28.4279,0,0,0,1,3,0,0,0,0,-1,-1,0,0
706,1,7,21,14,MALE,FEMALE,25.2027,28.4279,0,0,0,1,3,0,0,0,0,-1,-1,0,0
707,1,8,5,6,MALE,FEMALE,48.864,17.239,0,0,0,3,1,0,0,0,0,-1,-1,0,0
708,1,12,2,7,MALE,FEMALE,47.36,42.5665,0,0,0,3,1,0,0,0,0,-1,-1,0,0
708,1,13,2,16,MALE,FEMALE,47.36,4.38955,0,0,0,3,3,0,0,0,0,-1,-1,0,0
709,1,8,5,6,MALE,FEMALE,48.864,17.239,0,0,0,3,1,0,0,0,0,-1,-1,0,0
709,1,15,15,16,MALE,FEMALE,20.6905,4.38955,0,0,0,3,3,0,0,0,0,-1,-1,0,0
711,1,13,2,16,MALE,FEMALE,47.36,4.38955,0,0,0,3,3,0,0,0,0,-1,-1,0,0
711,1,3,8,11,MALE,FEMALE,39.0833,47.9375,0,0,0,2,3,0,0,0,0,-1,-1,0,0
711,1,10,8,13,MALE,FEMALE,39.0833,40.4999,0,0,0,2,3,0,0,0,0,-1,-1,0,0
712,1,5,17,14,MALE,FEMALE,33.3501,28.4279,0,0,0,1,3,0,0,0,0,-1,-1,0,0
712,1,7,21,14,MALE,FEMALE,25.2027,28.4279,0,0,0,1,3,0,0,0,0,-1,-1,0,0
713,1,1,2,9,MALE,FEMALE,47.36,44.3533,0,0,0,3,1,0,0,0,0,-1,-1,0,0
713,1,13,2,16,MALE,FEMALE,47.36,4.38955,0,0,0,3,3,0,0,0,0,-1,-1,0,0
713,1,14,5,16,MALE,FEMALE,48.864,4.38955,0,0,0,3,3,0,0,0,0,-1,-1,0,0
713,1,3,8,11,MALE,FEMALE,39.0833,47.9375,0,0,0,2,3,0,0,0,0,-1,-1,0,0
714,1,8,5,6,MALE,FEMALE,48.864,17.239,0,0,0,3,1,0,0,0,0,-1,-1,0,0
716,1,8,5,6,MALE,FEMALE,48.864,17.239,0,0,0,3,1,0,0,0,0,-1,-1,0,0
718,1,2,4,11,MALE,FEMALE,31.1513,47.9375,0,0,0,1,3,0,0,0,0,-1,-1,0,0
720,1,14,5,16,MALE,FEMALE,48.864,4.38955,0,0,0,3,3,0,0,0,0,-1,-1,0,0
721,1,6,18,14,MALE,FEMALE,9.00165,28.4279,0,0,0,1,3,0,0,0,0,-1,-1,0,0
724,1,13,2,16,MALE,FEMALE,47.36,4.38955,0,0,0,3,3,0,0,0,0,-1,-1,0,0
724,1,10,8,13,MALE,FEMALE,39.0833,40.4999,0,0,0,2,3,0,0,0,0,-1,-1,0,0
725,1,2,4,11,MALE,FEMALE,31.1513,47.9375,0,0,0,1,3,0,0,0,0,-1,-1,0,0
725,1,9,5,13,MALE,FEMALE,48.864,40.4999,0,0,0,3,3,0,0,0,0,-1,-1,0,0
727,1,2,4,11,MALE,FEMALE,31.1513,47.9375,0,0,0,1,3,0,0,0,0,-1,-1,0,0
728,1,12,2,7,MALE,FEMALE,47.36,42.5665,0,0,0,3,1,0,0,0,0,-1,-1,0,0
728,1,4,15,11,MALE,FEMALE,20.6905,47.9375,0,0,0,3,3,0,0,0,0,-1,-1,0,0
729,1,9,5,13,MALE,FEMALE,48.864,40.4999,0,0,0,3,3,0,0,0,0,-1,-1,0,0
