Rel_ID,Rel_start_time,Rel_scheduled_end_time,Rel_type (0 = TRANSITORY; 1 = INFORMAL; 2 = MARITAL; 3 = COMMERCIAL),Original_node_ID,Current_node_ID,A_ID,A_is_infected,A_gender,A_age,A_total_num_active_rels,A_num_active_TRANSITORY_rels,A_num_active_INFORMAL_rels,A_num_active_MARITAL_rels,A_num_active_COMMERCIAL_rels,A_num_lifetime_rels,A_num_rels_last_6_mo,A_extra_relational_bitmask,A_is_circumcised,A_has_STI_coinfection,A_is_superspreader,B_ID,B_is_infected,B_gender,B_age,B_total_num_active_rels,B_num_active_TRANSITORY_rels,B_num_active_INFORMAL_rels,B_num_active_MARITAL_rels,B_num_active_COMMERCIAL_rels,B_num_lifetime_rels,B_num_rels_last_6_mo,B_extra_relational_bitmask,B_is_circumcised,B_has_STI_coinfection,B_is_superspreader
1,6,51.3141,0,1,1,169,0,0,29.4516,1,1,0,0,0,1,1,0,0,0,0,1193,0,1,44.2992,1,1,0,0,0,1,1,0,0,0,0
2,6,198.535,0,1,1,1696,0,0,53.6145,1,1,0,0,0,1,1,0,0,0,0,2574,0,1,17.957,1,1,0,0,0,1,1,0,0,0,0
3,6,447.418,0,1,1,2559,0,0,27.4275,1,1,0,0,0,1,1,0,0,0,0,2640,0,1,28.8548,1,1,0,0,0,1,1,0,0,0,0
4,6,232.189,0,1,1,3518,0,0,54.2245,1,1,0,0,0,1,1,0,0,0,0,3513,0,1,39.5295,1,1,0,0,0,1,1,0,0,0,0
5,6,332.274,0,1,1,3926,0,0,19.6061,1,1,0,0,0,1,1,0,0,0,0,3849,0,1,34.3376,1,1,0,0,0,1,1,0,0,0,0
6,6,118.406,0,1,1,7030,0,0,29.6381,1,1,0,0,0,1,1,0,0,0,0,4319,0,1,33.1145,1,1,0,0,0,1,1,0,0,0,0
7,6,298.035,0,1,1,7155,0,0,32.3342,1,1,0,0,0,1,1,0,0,0,0,4517,1,1,27.4245,1,1,0,0,0,1,1,0,0,0,0
8,6,210.706,0,1,1,8775,0,0,45.4397,1,1,0,0,0,1,1,0,0,0,0,4538,0,1,43.8388,1,1,0,0,0,1,1,0,0,0,0
9,6,145.517,0,1,1,2702,0,0,33.5462,1,1,0,0,0,1,1,0,0,0,0,4668,0,1,29.0098,1,1,0,0,0,1,1,0,0,0,0
10,6,432.478,0,1,1,4509,0,0,49.4461,1,1,0,0,0,1,1,0,0,0,0,5028,0,1,34.5979,1,1,0,0,0,1,1,0,0,0,0
11,6,65.7486,0,1,1,4676,0,0,19.4731,1,1,0,0,0,1,1,0,0,0,0,5120,0,1,39.9607,1,1,0,0,0,1,1,0,0,0,0
12,6,312.722,0,1,1,5500,0,0,35.3169,1,1,0,0,0,1,1,0,0,0,0,5456,0,1,37.4749,1,1,0,0,0,1,1,0,0,0,0
13,6,333.321,0,1,1,5626,0,0,16.0076,1,1,0,0,0,1,1,0,0,0,0,5535,0,1,34.2009,1,1,0,0,0,1,1,0,0,0,0
14,6,6.05293,0,1,1,1867,0,0,54.6742,1,1,0,0,0,1,1,0,0,0,0,5938,0,1,28.5692,1,1,0,0,0,1,1,0,0,0,0
15,6,416.435,0,1,1,2398,0,0,54.0637,1,1,0,0,0,1,1,0,0,0,0,7510,0,1,50.1228,1,1,0,0,0,1,1,0,0,0,0
16,6,160.139,0,1,1,2772,0,0,49.9548,1,1,0,0,0,1,1,0,0,0,0,8937,0,1,33.3668,1,1,0,0,0,1,1,0,0,0,0
17,6,512.906,0,1,1,4949,0,0,36.8793,1,1,0,0,0,1,1,0,0,0,0,9474,0,1,39.3077,1,1,0,0,0,1,1,0,0,0,0
18,6,34.3174,0,1,1,5511,0,0,29.0052,1,1,0,0,0,1,1,0,0,0,0,2778,0,1,43.9485,1,1,0,0,0,1,1,0,0,0,0
19,6,217.565,0,1,1,9383,0,0,18.2901,1,1,0,0,0,1,1,0,0,0,0,4727,0,1,28.9503,1,1,0,0,0,1,1,0,0,0,0
20,6,308.982,0,1,1,426,0,0,26.7262,1,1,0,0,0,1,1,0,0,0,0,5176,0,1,33.8036,1,1,0,0,0,1,1,0,0,0,0
21,6,160.116,0,1,1,451,0,0,47.8457,1,1,0,0,0,1,1,0,0,0,0,6325,0,1,16.5036,1,1,0,0,0,1,1,0,0,0,0
22,6,372.089,0,1,1,597,0,0,39.129,1,1,0,0,0,1,1,0,0,0,0,8898,0,1,16.3784,1,1,0,0,0,1,1,0,0,0,0
23,6,55.4894,0,1,1,663,0,0,43.008,1,1,0,0,0,1,1,0,0,0,0,9970,0,1,49.2592,1,1,0,0,0,1,1,0,0,0,0
24,6,102.378,0,1,1,1563,0,0,49.4184,1,1,0,0,0,1,1,0,0,0,0,2104,0,1,26.4043,1,1,0,0,0,1,1,0,0,0,0
25,6,257.508,0,1,1,2793,1,0,34.5025,1,1,0,0,0,1,1,0,0,0,0,5175,0,1,49.7561,1,1,0,0,0,1,1,0,0,0,0
26,6,372.66,0,1,1,4498,0,0,16.7837,1,1,0,0,0,1,1,0,0,0,0,6694,0,1,17.8384,1,1,0,0,0,1,1,0,0,0,0
27,6,47.4465,0,1,1,7830,0,0,44.2647,1,1,0,0,0,1,1,0,0,0,0,7047,0,1,30.9219,1,1,0,0,0,1,1,0,0,0,0
28,6,763.387,0,1,1,7857,1,0,26.7347,1,1,0,0,0,1,1,0,0,0,0,7780,0,1,21.5959,1,1,0,0,0,1,1,0,0,0,0
29,6,136.108,0,1,1,8251,0,0,27.3754,1,1,0,0,0,1,1,0,0,0,0,8720,0,1,19.7518,1,1,0,0,0,1,1,0,0,0,0
30,6,1149.65,0,1,1,10001,1,0,35.5994,1,1,0,0,0,1,1,0,0,0,0,9753,0,1,34.8901,1,1,0,0,0,1,1,0,0,0,0
31,6,302.082,0,1,1,244,0,0,44.2063,1,1,0,0,0,1,1,0,0,0,0,797,0,1,52.2593,1,1,0,0,0,1,1,0,0,0,0
32,6,89.6495,0,1,1,3772,0,0,36.9714,1,1,0,0,0,1,1,0,0,0,0,1238,0,1,24.1209,1,1,0,0,0,1,1,0,0,0,0
33,6,611.105,0,1,1,4266,0,0,19.5988,1,1,0,0,0,1,1,0,0,0,0,1334,0,1,20.4641,1,1,0,0,0,1,1,0,0,0,0
34,6,47.8249,0,1,1,4980,0,0,29.3315,1,1,0,0,0,1,1,0,0,0,0,2911,0,1,21.4631,1,1,0,0,0,1,1,0,0,0,0
35,6,109.628,0,1,1,5743,0,0,18.6882,1,1,0,0,0,1,1,0,0,0,0,3899,0,1,39.6445,1,1,0,0,0,1,1,0,0,0,0
36,6,111.226,0,1,1,7058,0,0,25.0481,1,1,0,0,0,1,1,0,0,0,0,5982,0,1,32.2664,1,1,0,0,0,1,1,0,0,0,0
37,6,94.0297,0,1,1,7153,0,0,50.7196,1,1,0,0,0,1,1,0,0,0,0,6975,0,1,49.7129,1,1,0,0,0,1,1,0,0,0,0
38,6,168.284,0,1,1,8441,0,0,47.8801,1,1,0,0,0,1,1,0,0,0,0,9269,0,1,45.4629,1,1,0,0,0,1,1,0,0,0,0
39,6,532.912,0,1,1,8457,0,0,34.8704,1,1,0,0,0,1,1,0,0,0,0,9952,0,1,18.8691,1,1,0,0,0,1,1,0,0,0,0
40,6,1088.77,0,1,1,8606,0,0,51.8698,1,1,0,0,0,1,1,0,0,0,0,20,0,1,32.9937,1,1,0,0,0,1,1,0,0,0,0
41,6,196.265,0,1,1,906,0,0,29.9341,1,1,0,0,0,1,1,0,0,0,0,370,1,1,26.7934,1,1,0,0,0,1,1,0,0,0,0
42,6,616.547,0,1,1,1103,0,0,54.2442,1,1,0,0,0,1,1,0,0,0,0,465,0,1,23.8575,1,1,0,0,0,1,1,0,0,0,0
43,6,24.6111,0,1,1,3007,0,0,43.9525,1,1,0,0,0,1,1,0,0,0,0,951,1,1,23.6881,1,1,0,0,0,1,1,0,0,0,0
44,6,655.355,0,1,1,4407,1,0,48.2065,1,1,0,0,0,1,1,0,0,0,0,1971,0,1,53.0608,1,1,0,0,0,1,1,0,0,0,0
45,6,266.634,0,1,1,5123,0,0,39.0657,1,1,0,0,0,1,1,0,0,0,0,2281,0,1,47.3661,1,1,0,0,0,1,1,0,0,0,0
46,6,814.621,0,1,1,7266,1,0,53.5551,1,1,0,0,0,1,1,0,0,0,0,3947,0,1,18.458,1,1,0,0,0,1,1,0,0,0,0
47,6,1393.22,0,1,1,7985,0,0,27.4649,1,1,0,0,0,1,1,0,0,0,0,8848,0,1,33.5652,1,1,0,0,0,1,1,0,0,0,0
48,6,23.0299,0,1,1,8344,0,0,41.0637,1,1,0,0,0,1,1,0,0,0,0,9059,1,1,29.1422,1,1,0,0,0,1,1,0,0,0,0
49,6,419.816,0,1,1,9027,0,0,37.7251,1,1,0,0,0,1,1,0,0,0,0,623,0,1,30.8448,1,1,0,0,0,1,1,0,0,0,0
50,6,159.453,0,1,1,2199,0,0,33.325,1,1,0,0,0,1,1,0,0,0,0,820,1,1,23.5865,1,1,0,0,0,1,1,0,0,0,0
51,6,533.74,0,1,1,3520,0,0,53.5715,1,1,0,0,0,1,1,0,0,0,0,1102,1,1,31.3921,1,1,0,0,0,1,1,0,0,0,0
52,6,563.338,0,1,1,5325,1,0,37.2302,1,1,0,0,0,1,1,0,0,0,0,1211,0,1,40.2807,1,1,0,0,0,1,1,0,0,0,0
53,6,241.256,0,1,1,5764,0,0,40.8144,1,1,0,0,0,1,1,0,0,0,0,1577,0,1,37.5615,1,1,0,0,0,1,1,0,0,0,0
54,6,95.4646,0,1,1,5843,0,0,41.0988,1,1,0,0,0,1,1,0,0,0,0,1599,0,1,39.5448,1,1,0,0,0,1,1,0,0,0,0
55,6,233.065,0,1,1,6373,0,0,49.0757,1,1,0,0,0,1,1,0,0,0,0,2011,0,1,46.3314,1,1,0,0,0,1,1,0,0,0,0
56,6,385.671,0,1,1,7418,1,0,53.5215,1,1,0,0,0,1,1,0,0,0,0,4036,0,1,21.2866,1,1,0,0,0,1,1,0,0,0,0
57,6,20.3298,0,1,1,7460,0,0,18.5588,1,1,0,0,0,1,1,0,0,0,0,6914,0,1,38.3382,1,1,0,0,0,1,1,0,0,0,0
58,6,932.525,0,1,1,7604,0,0,46.919,1,1,0,0,0,1,1,0,0,0,0,7223,0,1,47.7333,1,1,0,0,0,1,1,0,0,0,0
59,6,309.211,0,1,1,7930,0,0,44.7771,1,1,0,0,0,1,1,0,0,0,0,7973,0,1,32.3709,1,1,0,0,0,1,1,0,0,0,0
60,6,316.594,0,1,1,7934,0,0,23.8652,1,1,0,0,0,1,1,0,0,0,0,9160,0,1,49.8043,1,1,0,0,0,1,1,0,0,0,0
61,6,388.705,0,1,1,8603,0,0,34.1808,1,1,0,0,0,1,1,0,0,0,0,1368,0,1,17.6713,1,1,0,0,0,1,1,0,0,0,0
62,13,610.939,0,1,1,2599,0,0,25.3558,1,1,0,0,0,1,1,0,0,0,0,1583,0,1,46.7629,1,1,0,0,0,1,1,0,0,0,0
63,13,142.144,0,1,1,3064,0,0,26.5004,1,1,0,0,0,1,1,0,0,0,0,2221,0,1,24.6586,1,1,0,0,0,1,1,0,0,0,0
64,13,448.082,0,1,1,4382,0,0,45.5299,1,1,0,0,0,1,1,0,0,0,0,2262,0,1,34.5343,1,1,0,0,0,1,1,0,0,0,0
65,13,416.207,0,1,1,5600,0,0,40.6188,1,1,0,0,0,1,1,0,0,0,0,2346,0,1,27.1327,1,1,0,0,0,1,1,0,0,0,0
66,13,153.909,0,1,1,5727,0,0,28.2928,1,1,0,0,0,1,1,0,0,0,0,3814,0,1,31.5535,1,1,0,0,0,1,1,0,0,0,0
67,13,712.961,0,1,1,6150,0,0,27.3076,1,1,0,0,0,1,1,0,0,0,0,4564,0,1,22.1286,1,1,0,0,0,1,1,0,0,0,0
68,13,410.135,0,1,1,6704,0,0,53.8383,1,1,0,0,0,1,1,0,0,0,0,4652,0,1,53.3641,1,1,0,0,0,1,1,0,0,0,0
69,13,768.259,0,1,1,6713,0,0,43.7045,1,1,0,0,0,1,1,0,0,0,0,8985,0,1,44.9443,1,1,0,0,0,1,1,0,0,0,0
70,13,17.8725,0,1,1,7842,0,0,30.8736,1,1,0,0,0,1,1,0,0,0,0,9300,0,1,26.4558,1,1,0,0,0,1,1,0,0,0,0
71,13,369.201,0,1,1,9574,0,0,28.7345,1,1,0,0,0,1,1,0,0,0,0,62,0,1,28.0829,1,1,0,0,0,1,1,0,0,0,0
72,13,265.475,0,1,1,2494,0,0,21.777,1,1,0,0,0,1,1,0,0,0,0,177,0,1,47.658,1,1,0,0,0,1,1,0,0,0,0
73,13,517.264,0,1,1,3806,0,0,26.9242,1,1,0,0,0,1,1,0,0,0,0,2277,0,1,32.4432,1,1,0,0,0,1,1,0,0,0,0
74,13,100.616,0,1,1,4008,0,0,33.9661,1,1,0,0,0,1,1,0,0,0,0,3063,0,1,23.8962,1,1,0,0,0,1,1,0,0,0,0
75,13,234.619,0,1,1,4111,0,0,45.6878,1,1,0,0,0,1,1,0,0,0,0,4330,0,1,37.0195,1,1,0,0,0,1,1,0,0,0,0
76,13,502.785,0,1,1,4795,0,0,23.2635,1,1,0,0,0,1,1,0,0,0,0,7098,0,1,43.5232,1,1,0,0,0,1,1,0,0,0,0
77,13,1526.26,0,1,1,5403,0,0,33.2461,1,1,0,0,0,1,1,0,0,0,0,8636,0,1,39.9905,1,1,0,0,0,1,1,0,0,0,0
78,13,203.567,0,1,1,519,0,0,48.3798,1,1,0,0,0,1,1,0,0,0,0,201,0,1,20.95,1,1,0,0,0,1,1,0,0,0,0
79,13,14.8812,0,1,1,867,0,0,25.0864,1,1,0,0,0,1,1,0,0,0,0,622,0,1,52.6416,1,1,0,0,0,1,1,0,0,0,0
80,13,480.98,0,1,1,1210,0,0,18.498,1,1,0,0,0,1,1,0,0,0,0,2817,0,1,43.4363,1,1,0,0,0,1,1,0,0,0,0
81,13,178.376,0,1,1,1355,0,0,42.3495,1,1,0,0,0,1,1,0,0,0,0,2924,0,1,23.9797,1,1,0,0,0,1,1,0,0,0,0
82,13,103.919,0,1,1,2015,0,0,28.5171,1,1,0,0,0,1,1,0,0,0,0,4593,0,1,40.885,1,1,0,0,0,1,1,0,0,0,0
83,13,141.815,0,1,1,2804,0,0,27.6654,1,1,0,0,0,1,1,0,0,0,0,4803,0,1,51.0972,1,1,0,0,0,1,1,0,0,0,0
84,13,251.26,0,1,1,5583,0,0,38.9207,1,1,0,0,0,1,1,0,0,0,0,4879,1,1,44.4783,1,1,0,0,0,1,1,0,0,0,0
85,13,707.389,0,1,1,7387,0,0,48.8934,1,1,0,0,0,1,1,0,0,0,0,5223,0,1,42.2533,1,1,0,0,0,1,1,0,0,0,0
86,13,99.3588,0,1,1,8115,0,0,37.2894,1,1,0,0,0,1,1,0,0,0,0,5253,0,1,52.3033,1,1,0,0,0,1,1,0,0,0,0
87,13,74.4424,0,1,1,8290,0,0,48.3313,1,1,0,0,0,1,1,0,0,0,0,6672,0,1,47.1974,1,1,0,0,0,1,1,0,0,0,0
88,13,40.8428,0,1,1,8465,0,0,25.874,1,1,0,0,0,1,1,0,0,0,0,6740,0,1,32.9834,1,1,0,0,0,1,1,0,0,0,0
89,13,71.8889,0,1,1,8523,0,0,21.4433,1,1,0,0,0,1,1,0,0,0,0,7400,0,1,32.1267,1,1,0,0,0,1,1,0,0,0,0
90,13,754.367,0,1,1,9069,0,0,24.4268,1,1,0,0,0,1,1,0,0,0,0,9807,0,1,53.2794,1,1,0,0,0,1,1,0,0,0,0
91,13,40.5164,0,1,1,1001,0,0,46.8753,1,1,0,0,0,1,1,0,0,0,0,1302,0,1,39.7994,1,1,0,0,0,1,1,0,0,0,0
92,13,388.439,0,1,1,1362,0,0,33.3491,1,1,0,0,0,1,1,0,0,0,0,1352,0,1,42.9093,1,1,0,0,0,1,1,0,0,0,0
93,13,382.48,0,1,1,1547,0,0,20.8805,1,1,0,0,0,1,1,0,0,0,0,2942,0,1,25.8547,1,1,0,0,0,1,1,0,0,0,0
94,13,427.854,0,1,1,2176,0,0,18.0253,1,1,0,0,0,1,1,0,0,0,0,3446,0,1,48.3378,1,1,0,0,0,1,1,0,0,0,0
95,13,1421.34,0,1,1,3579,0,0,43.7108,1,1,0,0,0,1,1,0,0,0,0,3538,0,1,20.9415,1,1,0,0,0,1,1,0,0,0,0
96,13,650.059,0,1,1,4799,0,0,40.3766,1,1,0,0,0,1,1,0,0,0,0,4172,0,1,42.001,1,1,0,0,0,1,1,0,0,0,0
97,13,37.7381,0,1,1,4888,0,0,25.9835,1,1,0,0,0,1,1,0,0,0,0,4761,0,1,18.3755,1,1,0,0,0,1,1,0,0,0,0
98,13,779.375,0,1,1,5189,0,0,21.8953,1,1,0,0,0,1,1,0,0,0,0,4841,0,1,29.9599,1,1,0,0,0,1,1,0,0,0,0
99,13,204.173,0,1,1,5926,0,0,19.0568,1,1,0,0,0,1,1,0,0,0,0,5639,0,1,47.1106,1,1,0,0,0,1,1,0,0,0,0
100,13,342.826,0,1,1,5980,0,0,34.8815,1,1,0,0,0,1,1,0,0,0,0,7195,0,1,49.1631,1,1,0,0,0,1,1,0,0,0,0
101,13,622.67,0,1,1,6223,0,0,48.2719,1,1,0,0,0,1,1,0,0,0,0,9298,0,1,30.6447,1,1,0,0,0,1,1,0,0,0,0
102,13,408.763,0,1,1,6600,0,0,53.9343,1,1,0,0,0,1,1,0,0,0,0,9867,0,1,36.7942,1,1,0,0,0,1,1,0,0,0,0
103,13,153.49,0,1,1,8108,0,0,26.0391,1,1,0,0,0,1,1,0,0,0,0,148,0,1,44.2781,1,1,0,0,0,1,1,0,0,0,0
104,13,16.6075,0,1,1,8334,0,0,41.5991,1,1,0,0,0,1,1,0,0,0,0,5557,0,1,36.3649,1,1,0,0,0,1,1,0,0,0,0
105,13,210.819,0,1,1,8391,0,0,40.8577,1,1,0,0,0,1,1,0,0,0,0,8577,0,1,47.9745,1,1,0,0,0,1,1,0,0,0,0
106,13,313.289,0,1,1,8799,0,0,30.1331,1,1,0,0,0,1,1,0,0,0,0,9869,0,1,49.0015,1,1,0,0,0,1,1,0,0,0,0
107,13,558.081,0,1,1,9536,0,0,31.8816,1,1,0,0,0,1,1,0,0,0,0,2949,0,1,45.8248,1,1,0,0,0,1,1,0,0,0,0
108,13,144.862,0,1,1,2803,0,0,45.0483,1,1,0,0,0,1,1,0,0,0,0,5660,0,1,35.5895,1,1,0,0,0,1,1,0,0,0,0
109,13,296.141,0,1,1,4054,0,0,34.8848,1,1,0,0,0,1,1,0,0,0,0,6057,0,1,24.4003,1,1,0,0,0,1,1,0,0,0,0
110,13,252.433,0,1,1,4488,0,0,36.7531,1,1,0,0,0,1,1,0,0,0,0,7984,1,1,36.8777,1,1,0,0,0,1,1,0,0,0,0
111,13,88.0926,0,1,1,4543,0,0,34.4508,1,1,0,0,0,1,1,0,0,0,0,1267,0,1,52.4263,1,1,0,0,0,1,1,0,0,0,0
112,13,320.482,0,1,1,5231,0,0,35.6466,1,1,0,0,0,1,1,0,0,0,0,2852,0,1,24.4511,1,1,0,0,0,1,1,0,0,0,0
113,13,393.962,0,1,1,5425,0,0,38.393,1,1,0,0,0,1,1,0,0,0,0,4044,0,1,53.1856,1,1,0,0,0,1,1,0,0,0,0
114,13,426.317,0,1,1,5878,0,0,21.6558,1,1,0,0,0,1,1,0,0,0,0,5095,0,1,21.0232,1,1,0,0,0,1,1,0,0,0,0
115,13,224.779,0,1,1,6050,0,0,27.0158,1,1,0,0,0,1,1,0,0,0,0,5273,0,1,52.769,1,1,0,0,0,1,1,0,0,0,0
116,13,87.3293,0,1,1,6637,0,0,17.7461,1,1,0,0,0,1,1,0,0,0,0,7635,0,1,43.8139,1,1,0,0,0,1,1,0,0,0,0
117,13,426.841,0,1,1,6955,0,0,24.6299,1,1,0,0,0,1,1,0,0,0,0,8464,0,1,40.796,1,1,0,0,0,1,1,0,0,0,0
118,13,303.599,0,1,1,8343,0,0,36.7508,1,1,0,0,0,1,1,0,0,0,0,8737,0,1,23.6782,1,1,0,0,0,1,1,0,0,0,0
119,13,491.091,0,1,1,8825,0,0,43.7638,1,1,0,0,0,1,1,0,0,0,0,633,0,1,43.8387,1,1,0,0,0,1,1,0,0,0,0
120,13,231.196,0,1,1,9048,0,0,47.1367,1,1,0,0,0,1,1,0,0,0,0,1981,0,1,36.5789,1,1,0,0,0,1,1,0,0,0,0
121,13,109.165,0,1,1,9960,1,0,46.6573,1,1,0,0,0,1,1,0,0,0,0,2831,0,1,26.5305,1,1,0,0,0,1,1,0,0,0,0
122,13,42.4474,0,1,1,1080,0,0,49.8663,1,1,0,0,0,1,1,0,0,0,0,3022,0,1,40.1553,1,1,0,0,0,1,1,0,0,0,0
123,13,206.77,0,1,1,1837,0,0,37.321,1,1,0,0,0,1,1,0,0,0,0,6743,0,1,38.3665,1,1,0,0,0,1,1,0,0,0,0
124,13,239.963,0,1,1,3178,0,0,51.8661,1,1,0,0,0,1,1,0,0,0,0,8564,0,1,15.3536,1,1,0,0,0,1,1,0,0,0,0
125,13,238.538,0,1,1,4031,0,0,39.0927,1,1,0,0,0,1,1,0,0,0,0,8640,0,1,27.867,1,1,0,0,0,1,1,0,0,0,0
126,20,450.897,0,1,1,4182,0,0,34.934,1,1,0,0,0,1,1,0,0,0,0,22,0,1,45.2113,1,1,0,0,0,1,1,0,0,0,0
127,20,188.8,0,1,1,4667,0,0,38.4314,1,1,0,0,0,1,1,0,0,0,0,1820,0,1,42.493,1,1,0,0,0,1,1,0,0,0,0
128,20,906.106,0,1,1,5219,0,0,30.7519,1,1,0,0,0,1,1,0,0,0,0,3878,0,1,35.3793,1,1,0,0,0,1,1,0,0,0,0
129,20,328.93,0,1,1,5345,0,0,50.2489,1,1,0,0,0,1,1,0,0,0,0,4131,0,1,32.6402,1,1,0,0,0,1,1,0,0,0,0
130,20,92.3279,0,1,1,5812,0,0,32.6423,1,1,0,0,0,1,1,0,0,0,0,6119,0,1,28.3626,1,1,0,0,0,1,1,0,0,0,0
131,20,321.254,0,1,1,6340,0,0,40.5743,1,1,0,0,0,1,1,0,0,0,0,8010,0,1,33.4541,1,1,0,0,0,1,1,0,0,0,0
132,20,770.916,0,1,1,6391,0,0,16.9135,1,1,0,0,0,1,1,0,0,0,0,8167,0,1,41.2853,1,1,0,0,0,1,1,0,0,0,0
133,20,211.691,0,1,1,7997,0,0,50.8773,1,1,0,0,0,1,1,0,0,0,0,994,0,1,25.9044,1,1,0,0,0,1,1,0,0,0,0
134,20,151.035,0,1,1,8406,0,0,54.0745,1,1,0,0,0,1,1,0,0,0,0,2328,0,1,16.236,1,1,0,0,0,1,1,0,0,0,0
135,20,80.0312,0,1,1,8702,0,0,24.2975,1,1,0,0,0,1,1,0,0,0,0,6127,0,1,33.7584,1,1,0,0,0,1,1,0,0,0,0
136,20,25.7558,0,1,1,9121,0,0,52.2072,1,1,0,0,0,1,1,0,0,0,0,7273,0,1,27.8511,1,1,0,0,0,1,1,0,0,0,0
137,20,169.493,0,1,1,815,0,0,45.0625,1,1,0,0,0,1,1,0,0,0,0,8120,0,1,24.3268,1,1,0,0,0,1,1,0,0,0,0
138,20,373.216,0,1,1,875,0,0,27.9167,1,1,0,0,0,1,1,0,0,0,0,8141,0,1,31.1074,1,1,0,0,0,1,1,0,0,0,0
139,20,284.17,0,1,1,2404,0,0,50.2111,1,1,0,0,0,1,1,0,0,0,0,121,0,1,39.3684,1,1,0,0,0,1,1,0,0,0,0
140,20,413.972,0,1,1,2631,0,0,34.0298,1,1,0,0,0,1,1,0,0,0,0,1949,0,1,50.5769,1,1,0,0,0,1,1,0,0,0,0
141,20,100.479,0,1,1,3038,0,0,54.3852,1,1,0,0,0,1,1,0,0,0,0,2203,0,1,37.4801,1,1,0,0,0,1,1,0,0,0,0
142,20,838.264,0,1,1,3798,0,0,26.7929,1,1,0,0,0,1,1,0,0,0,0,3014,0,1,34.0153,1,1,0,0,0,1,1,0,0,0,0
143,20,269.233,0,1,1,3968,0,0,38.5354,1,1,0,0,0,1,1,0,0,0,0,3605,0,1,46.3753,1,1,0,0,0,1,1,0,0,0,0
144,20,171.851,0,1,1,4412,0,0,45.7159,1,1,0,0,0,1,1,0,0,0,0,6821,0,1,25.4946,1,1,0,0,0,1,1,0,0,0,0
145,20,275.535,0,1,1,5604,0,0,45.2828,1,1,0,0,0,1,1,0,0,0,0,7070,0,1,51.986,1,1,0,0,0,1,1,0,0,0,0
146,20,176.434,0,1,1,5645,0,0,22.6798,1,1,0,0,0,1,1,0,0,0,0,7412,0,1,41.847,1,1,0,0,0,1,1,0,0,0,0
147,20,511.313,0,1,1,6649,0,0,31.925,1,1,0,0,0,1,1,0,0,0,0,8146,0,1,49.3444,1,1,0,0,0,1,1,0,0,0,0
148,20,175.348,0,1,1,6895,0,0,27.1463,1,1,0,0,0,1,1,0,0,0,0,8487,0,1,32.6969,1,1,0,0,0,1,1,0,0,0,0
149,20,306.389,0,1,1,7280,0,0,30.9538,1,1,0,0,0,1,1,0,0,0,0,8840,0,1,39.3437,1,1,0,0,0,1,1,0,0,0,0
150,20,442.385,0,1,1,164,0,0,43.7821,1,1,0,0,0,1,1,0,0,0,0,709,0,1,48.7924,1,1,0,0,0,1,1,0,0,0,0
151,20,187.235,0,1,1,665,0,0,50.4994,1,1,0,0,0,1,1,0,0,0,0,1446,0,1,18.6991,1,1,0,0,0,1,1,0,0,0,0
152,20,116.912,0,1,1,4207,0,0,49.6663,1,1,0,0,0,1,1,0,0,0,0,1862,0,1,53.8857,1,1,0,0,0,1,1,0,0,0,0
153,20,65.0659,0,1,1,4403,0,0,31.5824,1,1,0,0,0,1,1,0,0,0,0,1924,0,1,43.1885,1,1,0,0,0,1,1,0,0,0,0
154,20,97.5194,0,1,1,7734,0,0,26.636,1,1,0,0,0,1,1,0,0,0,0,2106,0,1,46.6816,1,1,0,0,0,1,1,0,0,0,0
155,20,254.356,0,1,1,9714,0,0,29.0342,1,1,0,0,0,1,1,0,0,0,0,3186,0,1,47.1177,1,1,0,0,0,1,1,0,0,0,0
156,20,216.058,0,1,1,230,0,0,44.776,1,1,0,0,0,1,1,0,0,0,0,3673,0,1,35.8425,1,1,0,0,0,1,1,0,0,0,0
157,20,137.71,0,1,1,3357,0,0,50.9298,1,1,0,0,0,1,1,0,0,0,0,4903,0,1,31.6188,1,1,0,0,0,1,1,0,0,0,0
158,20,245.488,0,1,1,6159,0,0,21.2065,1,1,0,0,0,1,1,0,0,0,0,5379,0,1,25.3519,1,1,0,0,0,1,1,0,0,0,0
159,20,113.039,0,1,1,6199,0,0,29.6016,1,1,0,0,0,1,1,0,0,0,0,5449,0,1,37.0679,1,1,0,0,0,1,1,0,0,0,0
160,20,353.402,0,1,1,6242,0,0,51.1406,1,1,0,0,0,1,1,0,0,0,0,6337,0,1,34.1276,1,1,0,0,0,1,1,0,0,0,0
161,20,482.291,0,1,1,6311,0,0,22.8055,1,1,0,0,0,1,1,0,0,0,0,1514,0,1,33.5313,1,1,0,0,0,1,1,0,0,0,0
162,20,154.887,0,1,1,7662,0,0,31.0582,1,1,0,0,0,1,1,0,0,0,0,2522,0,1,28.0472,1,1,0,0,0,1,1,0,0,0,0
163,20,94.678,0,1,1,7700,0,0,43.1095,1,1,0,0,0,1,1,0,0,0,0,2968,0,1,45.7781,1,1,0,0,0,1,1,0,0,0,0
164,20,101.545,0,1,1,8990,0,0,43.1206,1,1,0,0,0,1,1,0,0,0,0,3859,0,1,35.905,1,1,0,0,0,1,1,0,0,0,0
165,20,240.434,0,1,1,2359,0,0,16.212,1,1,0,0,0,1,1,0,0,0,0,4639,0,1,18.3836,1,1,0,0,0,1,1,0,0,0,0
166,20,248.5,0,1,1,3479,0,0,16.8888,1,1,0,0,0,1,1,0,0,0,0,6568,0,1,42.8764,1,1,0,0,0,1,1,0,0,0,0
167,20,38.0506,0,1,1,4832,0,0,18.3149,1,1,0,0,0,1,1,0,0,0,0,6936,0,1,33.3973,1,1,0,0,0,1,1,0,0,0,0
168,20,266.892,0,1,1,5702,0,0,27.936,1,1,0,0,0,1,1,0,0,0,0,7241,0,1,36.5283,1,1,0,0,0,1,1,0,0,0,0
169,20,314.989,0,1,1,8671,0,0,32.3199,1,1,0,0,0,1,1,0,0,0,0,9346,0,1,51.5333,1,1,0,0,0,1,1,0,0,0,0
170,20,190.569,0,1,1,5304,0,0,54.6222,1,1,0,0,0,1,1,0,0,0,0,9916,0,1,25.5852,1,1,0,0,0,1,1,0,0,0,0
171,20,507.553,0,1,1,8914,0,0,25.6758,1,1,0,0,0,1,1,0,0,0,0,5040,0,1,39.6989,1,1,0,0,0,1,1,0,0,0,0
172,20,339.379,0,1,1,9312,0,0,19.0808,1,1,0,0,0,1,1,0,0,0,0,6563,0,1,41.7762,1,1,0,0,0,1,1,0,0,0,0
173,20,640.95,0,1,1,52,0,0,28.7209,1,1,0,0,0,1,1,0,0,0,0,7530,0,1,20.5159,1,1,0,0,0,1,1,0,0,0,0
174,20,1169.9,0,1,1,1360,0,0,19.4795,1,1,0,0,0,1,1,0,0,0,0,8478,0,1,51.885,1,1,0,0,0,1,1,0,0,0,0
175,20,884.24,0,1,1,1604,0,0,43.1626,1,1,0,0,0,1,1,0,0,0,0,9291,0,1,52.8145,1,1,0,0,0,1,1,0,0,0,0
176,20,119.678,0,1,1,3532,0,0,27.1877,1,1,0,0,0,1,1,0,0,0,0,1155,0,1,19.8324,1,1,0,0,0,1,1,0,0,0,0
177,20,32.5199,0,1,1,3896,0,0,43.5307,1,1,0,0,0,1,1,0,0,0,0,2562,0,1,43.6433,1,1,0,0,0,1,1,0,0,0,0
178,20,580.416,0,1,1,5573,0,0,54.7277,1,1,0,0,0,1,1,0,0,0,0,3663,0,1,44.8704,1,1,0,0,0,1,1,0,0,0,0
179,20,340.242,0,1,1,7080,0,0,32.171,1,1,0,0,0,1,1,0,0,0,0,4358,0,1,21.8608,1,1,0,0,0,1,1,0,0,0,0
180,20,171.238,0,1,1,7187,0,0,29.1473,1,1,0,0,0,1,1,0,0,0,0,6342,0,1,50.7294,1,1,0,0,0,1,1,0,0,0,0
181,20,1847.36,0,1,1,7302,0,0,45.7893,1,1,0,0,0,1,1,0,0,0,0,7243,0,1,26.6037,1,1,0,0,0,1,1,0,0,0,0
182,20,238.44,0,1,1,7316,0,0,24.0725,1,1,0,0,0,1,1,0,0,0,0,7716,0,1,29.2685,1,1,0,0,0,1,1,0,0,0,0
183,20,1070.71,0,1,1,7681,0,0,32.0987,1,1,0,0,0,1,1,0,0,0,0,8704,0,1,29.4843,1,1,0,0,0,1,1,0,0,0,0
184,27,87.4514,0,1,1,9458,0,0,33.9477,1,1,0,0,0,1,1,0,0,0,0,758,0,1,31.273,1,1,0,0,0,1,1,0,0,0,0
185,27,146.83,0,1,1,706,0,0,43.1696,1,1,0,0,0,1,1,0,0,0,0,1146,0,1,24.3062,1,1,0,0,0,1,1,0,0,0,0
186,27,586.202,0,1,1,2084,0,0,51.4481,1,1,0,0,0,1,1,0,0,0,0,1488,0,1,39.465,1,1,0,0,0,1,1,0,0,0,0
187,27,459.59,0,1,1,3327,0,0,33.6755,1,1,0,0,0,1,1,0,0,0,0,1503,0,1,16.5769,1,1,0,0,0,1,1,0,0,0,0
188,27,55.1488,0,1,1,3457,0,0,54.8932,1,1,0,0,0,1,1,0,0,0,0,2470,0,1,31.96,1,1,0,0,0,1,1,0,0,0,0
189,27,40.9364,0,1,1,3548,0,0,26.2875,1,1,0,0,0,1,1,0,0,0,0,3769,0,1,47.8625,1,1,0,0,0,1,1,0,0,0,0
190,27,204.514,0,1,1,3620,0,0,37.2134,1,1,0,0,0,1,1,0,0,0,0,5392,0,1,17.8978,1,1,0,0,0,1,1,0,0,0,0
191,27,199.712,0,1,1,3715,0,0,22.0522,1,1,0,0,0,1,1,0,0,0,0,5875,0,1,41.5699,1,1,0,0,0,1,1,0,0,0,0
192,27,573.142,0,1,1,4713,0,0,44.5674,1,1,0,0,0,1,1,0,0,0,0,6690,0,1,29.0652,1,1,0,0,0,1,1,0,0,0,0
193,27,207.253,0,1,1,5800,0,0,30.2462,1,1,0,0,0,1,1,0,0,0,0,7201,0,1,43.8039,1,1,0,0,0,1,1,0,0,0,0
194,27,656.08,0,1,1,6556,0,0,31.3657,1,1,0,0,0,1,1,0,0,0,0,7766,0,1,39.5983,1,1,0,0,0,1,1,0,0,0,0
195,27,310.701,0,1,1,8009,0,0,23.32,1,1,0,0,0,1,1,0,0,0,0,9541,0,1,51.5708,1,1,0,0,0,1,1,0,0,0,0
196,27,401.854,0,1,1,8279,0,0,38.8799,1,1,0,0,0,1,1,0,0,0,0,1614,0,1,46.7266,1,1,0,0,0,1,1,0,0,0,0
197,27,100.464,0,1,1,8833,0,0,39.0581,1,1,0,0,0,1,1,0,0,0,0,2388,0,1,17.9018,1,1,0,0,0,1,1,0,0,0,0
198,27,364.311,0,1,1,9098,0,0,21.0273,1,1,0,0,0,1,1,0,0,0,0,2616,0,1,22.4347,1,1,0,0,0,1,1,0,0,0,0
199,27,907.413,0,1,1,1026,0,0,25.7657,1,1,0,0,0,1,1,0,0,0,0,5225,0,1,27.2641,1,1,0,0,0,1,1,0,0,0,0
200,27,291.308,0,1,1,1455,0,0,47.7416,1,1,0,0,0,1,1,0,0,0,0,5774,0,1,54.2861,1,1,0,0,0,1,1,0,0,0,0
201,27,542.554,0,1,1,3635,0,0,30.2369,1,1,0,0,0,1,1,0,0,0,0,6538,0,1,33.9282,1,1,0,0,0,1,1,0,0,0,0
202,27,311.931,0,1,1,3912,0,0,31.9295,1,1,0,0,0,1,1,0,0,0,0,8072,0,1,43.1066,1,1,0,0,0,1,1,0,0,0,0
203,27,52.8405,0,1,1,4100,0,0,24.8328,1,1,0,0,0,1,1,0,0,0,0,9319,0,1,24.4444,1,1,0,0,0,1,1,0,0,0,0
204,27,637.284,0,1,1,5364,0,0,39.7214,1,1,0,0,0,1,1,0,0,0,0,199,0,1,51.4746,1,1,0,0,0,1,1,0,0,0,0
205,27,61.4793,0,1,1,5419,0,0,30.386,1,1,0,0,0,1,1,0,0,0,0,2198,0,1,38.1646,1,1,0,0,0,1,1,0,0,0,0
206,27,245.224,0,1,1,7501,0,0,44.9821,1,1,0,0,0,1,1,0,0,0,0,2235,0,1,35.3475,1,1,0,0,0,1,1,0,0,0,0
207,27,453.332,0,1,1,9125,0,0,28.5778,1,1,0,0,0,1,1,0,0,0,0,2236,0,1,41.53,1,1,0,0,0,1,1,0,0,0,0
208,27,69.3976,0,1,1,9318,0,0,48.3357,1,1,0,0,0,1,1,0,0,0,0,3052,0,1,24.9587,1,1,0,0,0,1,1,0,0,0,0
209,27,113.326,0,1,1,9872,0,0,41.1853,1,1,0,0,0,1,1,0,0,0,0,5468,0,1,19.7288,1,1,0,0,0,1,1,0,0,0,0
210,27,117.215,0,1,1,1448,0,0,37.921,1,1,0,0,0,1,1,0,0,0,0,6831,0,1,35.0486,1,1,0,0,0,1,1,0,0,0,0
211,27,46.6123,0,1,1,1989,0,0,40.2226,1,1,0,0,0,1,1,0,0,0,0,7663,0,1,34.4894,1,1,0,0,0,1,1,0,0,0,0
212,27,233.499,0,1,1,2513,0,0,23.4905,1,1,0,0,0,1,1,0,0,0,0,8707,0,1,30.0632,1,1,0,0,0,1,1,0,0,0,0
213,27,187.363,0,1,1,3481,0,0,40.7466,1,1,0,0,0,1,1,0,0,0,0,9700,0,1,27.3192,1,1,0,0,0,1,1,0,0,0,0
214,27,193.622,0,1,1,4128,0,0,47.8496,1,1,0,0,0,1,1,0,0,0,0,995,0,1,17.4574,1,1,0,0,0,1,1,0,0,0,0
215,27,75.5033,0,1,1,4899,0,0,50.4566,1,1,0,0,0,1,1,0,0,0,0,3680,0,1,20.3928,1,1,0,0,0,1,1,0,0,0,0
216,27,575.344,0,1,1,5098,0,0,46.5616,1,1,0,0,0,1,1,0,0,0,0,4772,0,1,44.0366,1,1,0,0,0,1,1,0,0,0,0
217,27,417.563,0,1,1,5624,0,0,52.9674,1,1,0,0,0,1,1,0,0,0,0,4975,0,1,22.3087,1,1,0,0,0,1,1,0,0,0,0
218,27,366.951,0,1,1,5803,0,0,47.475,1,1,0,0,0,1,1,0,0,0,0,5415,0,1,23.9147,1,1,0,0,0,1,1,0,0,0,0
219,27,637.374,0,1,1,8899,0,0,19.5247,1,1,0,0,0,1,1,0,0,0,0,5966,0,1,54.1255,1,1,0,0,0,1,1,0,0,0,0
220,27,114.978,0,1,1,1194,0,0,20.2004,1,1,0,0,0,1,1,0,0,0,0,6213,0,1,34.0612,1,1,0,0,0,1,1,0,0,0,0
221,27,32.1952,0,1,1,1562,0,0,35.7713,1,1,0,0,0,1,1,0,0,0,0,7676,0,1,19.1445,1,1,0,0,0,1,1,0,0,0,0
222,27,42.0031,0,1,1,1873,0,0,21.7007,1,1,0,0,0,1,1,0,0,0,0,9274,0,1,22.9778,1,1,0,0,0,1,1,0,0,0,0
223,27,190.347,0,1,1,3294,0,0,31.4823,1,1,0,0,0,1,1,0,0,0,0,5569,0,1,28.0196,1,1,0,0,0,1,1,0,0,0,0
224,27,262.453,0,1,1,4020,0,0,45.3914,1,1,0,0,0,1,1,0,0,0,0,6887,0,1,47.3558,1,1,0,0,0,1,1,0,0,0,0
225,27,352.338,0,1,1,8849,0,0,43.446,1,1,0,0,0,1,1,0,0,0,0,7784,0,1,37.1628,1,1,0,0,0,1,1,0,0,0,0
226,27,529.102,0,1,1,9640,0,0,49.118,1,1,0,0,0,1,1,0,0,0,0,3425,0,1,26.3852,1,1,0,0,0,1,1,0,0,0,0
227,27,255.987,0,1,1,763,0,0,18.7912,1,1,0,0,0,1,1,0,0,0,0,3865,0,1,41.1457,1,1,0,0,0,1,1,0,0,0,0
228,27,593.19,0,1,1,987,0,0,39.8023,1,1,0,0,0,1,1,0,0,0,0,5424,0,1,49.6171,1,1,0,0,0,1,1,0,0,0,0
229,27,219.99,0,1,1,1681,0,0,52.5552,1,1,0,0,0,1,1,0,0,0,0,5979,0,1,28.2826,1,1,0,0,0,1,1,0,0,0,0
230,27,176.548,0,1,1,1809,0,0,50.9774,1,1,0,0,0,1,1,0,0,0,0,6848,0,1,27.6287,1,1,0,0,0,1,1,0,0,0,0
231,27,604.503,0,1,1,2440,0,0,54.4132,1,1,0,0,0,1,1,0,0,0,0,8841,0,1,19.2145,1,1,0,0,0,1,1,0,0,0,0
232,27,535.239,0,1,1,2641,0,0,46.0251,1,1,0,0,0,1,1,0,0,0,0,8949,0,1,50.0124,1,1,0,0,0,1,1,0,0,0,0
233,27,619.196,0,1,1,3011,0,0,26.1352,1,1,0,0,0,1,1,0,0,0,0,501,0,1,46.6446,1,1,0,0,0,1,1,0,0,0,0
234,27,1040.39,0,1,1,3861,0,0,50.6553,1,1,0,0,0,1,1,0,0,0,0,524,0,1,46.9725,1,1,0,0,0,1,1,0,0,0,0
235,27,33.9527,0,1,1,5027,0,0,46.2121,1,1,0,0,0,1,1,0,0,0,0,799,0,1,26.6863,1,1,0,0,0,1,1,0,0,0,0
236,27,122.162,0,1,1,6262,0,0,21.4505,1,1,0,0,0,1,1,0,0,0,0,1752,0,1,23.6775,1,1,0,0,0,1,1,0,0,0,0
237,27,418.44,0,1,1,6888,0,0,25.7719,1,1,0,0,0,1,1,0,0,0,0,2310,0,1,21.2394,1,1,0,0,0,1,1,0,0,0,0
238,27,634.558,0,1,1,8345,0,0,17.9488,1,1,0,0,0,1,1,0,0,0,0,2665,0,1,17.0817,1,1,0,0,0,1,1,0,0,0,0
239,27,157.441,0,1,1,9957,0,0,41.2175,1,1,0,0,0,1,1,0,0,0,0,3616,0,1,20.6836,1,1,0,0,0,1,1,0,0,0,0
240,27,332.555,0,1,1,2647,0,0,29.1392,1,1,0,0,0,1,1,0,0,0,0,6870,0,1,30.8834,1,1,0,0,0,1,1,0,0,0,0
241,27,600.848,0,1,1,6769,0,0,52.7214,1,1,0,0,0,1,1,0,0,0,0,7161,0,1,53.9933,1,1,0,0,0,1,1,0,0,0,0
242,27,589.709,0,1,1,1616,0,0,43.2285,1,1,0,0,0,1,1,0,0,0,0,7532,0,1,31.5928,1,1,0,0,0,1,1,0,0,0,0
243,27,284.605,0,1,1,2492,0,0,23.2534,1,1,0,0,0,1,1,0,0,0,0,8232,0,1,37.039,1,1,0,0,0,1,1,0,0,0,0
244,27,176.885,0,1,1,4659,0,0,36.5657,1,1,0,0,0,1,1,0,0,0,0,9946,0,1,43.107,1,1,0,0,0,1,1,0,0,0,0
245,34,164.709,0,1,1,6017,0,0,19.2205,1,1,0,0,0,1,1,0,0,0,0,1112,0,1,51.0186,1,1,0,0,0,1,1,0,0,0,0
246,34,221.012,0,1,1,6647,0,0,33.0218,1,1,0,0,0,1,1,0,0,0,0,5294,0,1,47.9356,1,1,0,0,0,1,1,0,0,0,0
247,34,119.458,0,1,1,6941,0,0,32.7655,1,1,0,0,0,1,1,0,0,0,0,6496,0,1,16.4236,1,1,0,0,0,1,1,0,0,0,0
248,34,54.0233,0,1,1,7222,0,0,51.9955,1,1,0,0,0,1,1,0,0,0,0,6585,0,1,31.5219,1,1,0,0,0,1,1,0,0,0,0
249,34,41.3682,0,1,1,7573,0,0,35.9161,1,1,0,0,0,1,1,0,0,0,0,7244,0,1,27.3432,1,1,0,0,0,1,1,0,0,0,0
250,34,119.439,0,1,1,8238,0,0,37.1752,1,1,0,0,0,1,1,0,0,0,0,4423,0,1,17.3759,1,1,0,0,0,1,1,0,0,0,0
251,34,244.523,0,1,1,9558,0,0,46.5627,1,1,0,0,0,1,1,0,0,0,0,4522,0,1,28.4834,1,1,0,0,0,1,1,0,0,0,0
252,34,340.762,0,1,1,9989,0,0,26.6385,1,1,0,0,0,1,1,0,0,0,0,5190,0,1,49.6845,1,1,0,0,0,1,1,0,0,0,0
253,34,481.113,0,1,1,1350,0,0,21.8617,1,1,0,0,0,1,1,0,0,0,0,5208,0,1,19.616,1,1,0,0,0,1,1,0,0,0,0
254,34,416.741,0,1,1,1417,0,0,45.1681,1,1,0,0,0,1,1,0,0,0,0,7257,0,1,53.1283,1,1,0,0,0,1,1,0,0,0,0
255,34,588.762,0,1,1,2814,0,0,27.5201,1,1,0,0,0,1,1,0,0,0,0,7565,0,1,46.0517,1,1,0,0,0,1,1,0,0,0,0
256,34,612.168,0,1,1,3207,0,0,21.4025,1,1,0,0,0,1,1,0,0,0,0,7636,0,1,25.8983,1,1,0,0,0,1,1,0,0,0,0
257,34,234.661,0,1,1,7051,0,0,20.9013,1,1,0,0,0,1,1,0,0,0,0,8038,0,1,23.208,1,1,0,0,0,1,1,0,0,0,0
258,34,130.76,0,1,1,7087,0,0,34.2728,1,1,0,0,0,1,1,0,0,0,0,8821,0,1,37.8479,1,1,0,0,0,1,1,0,0,0,0
259,34,236.075,0,1,1,8600,0,0,18.7397,1,1,0,0,0,1,1,0,0,0,0,9896,0,1,20.469,1,1,0,0,0,1,1,0,0,0,0
260,34,307.737,0,1,1,9588,0,0,44.1853,1,1,0,0,0,1,1,0,0,0,0,1313,0,1,44.7341,1,1,0,0,0,1,1,0,0,0,0
261,34,688.415,0,1,1,9999,0,0,50.8243,1,1,0,0,0,1,1,0,0,0,0,1357,0,1,48.9474,1,1,0,0,0,1,1,0,0,0,0
262,34,145.673,0,1,1,1479,0,0,52.6873,1,1,0,0,0,1,1,0,0,0,0,2317,0,1,50.7893,1,1,0,0,0,1,1,0,0,0,0
263,34,490.374,0,1,1,1889,0,0,37.3563,1,1,0,0,0,1,1,0,0,0,0,3134,0,1,46.829,1,1,0,0,0,1,1,0,0,0,0
264,34,103.039,0,1,1,2588,0,0,32.1073,1,1,0,0,0,1,1,0,0,0,0,3179,0,1,21.7491,1,1,0,0,0,1,1,0,0,0,0
265,34,177.822,0,1,1,3562,0,0,46.6688,1,1,0,0,0,1,1,0,0,0,0,3686,0,1,28.3369,1,1,0,0,0,1,1,0,0,0,0
266,34,48.8465,0,1,1,5911,0,0,28.8743,1,1,0,0,0,1,1,0,0,0,0,5694,0,1,44.4274,1,1,0,0,0,1,1,0,0,0,0
267,34,387.52,0,1,1,8941,0,0,35.9601,1,1,0,0,0,1,1,0,0,0,0,8032,0,1,36.1402,1,1,0,0,0,1,1,0,0,0,0
268,34,741.34,0,1,1,8947,0,0,31.7532,1,1,0,0,0,1,1,0,0,0,0,9259,0,1,25.0341,1,1,0,0,0,1,1,0,0,0,0
269,34,209.002,0,1,1,9805,0,0,44.6756,1,1,0,0,0,1,1,0,0,0,0,724,0,1,25.2246,1,1,0,0,0,1,1,0,0,0,0
270,34,79.4709,0,1,1,9905,0,0,43.6096,1,1,0,0,0,1,1,0,0,0,0,2592,0,1,29.5898,1,1,0,0,0,1,1,0,0,0,0
271,34,827.178,0,1,1,1045,0,0,40.7716,1,1,0,0,0,1,1,0,0,0,0,5715,0,1,30.7157,1,1,0,0,0,1,1,0,0,0,0
272,34,417.73,0,1,1,2191,0,0,34.6855,1,1,0,0,0,1,1,0,0,0,0,5882,0,1,51.1282,1,1,0,0,0,1,1,0,0,0,0
273,34,448.38,0,1,1,5162,0,0,16.7856,1,1,0,0,0,1,1,0,0,0,0,6379,0,1,31.8209,1,1,0,0,0,1,1,0,0,0,0
274,34,206.327,0,1,1,5579,0,0,34.9621,1,1,0,0,0,1,1,0,0,0,0,7136,0,1,40.8117,1,1,0,0,0,1,1,0,0,0,0
275,34,352.226,0,1,1,5644,0,0,25.5916,1,1,0,0,0,1,1,0,0,0,0,7183,0,1,19.8003,1,1,0,0,0,1,1,0,0,0,0
276,34,156.952,0,1,1,8304,0,0,30.7282,1,1,0,0,0,1,1,0,0,0,0,8482,0,1,49.7973,1,1,0,0,0,1,1,0,0,0,0
277,34,319.589,0,1,1,9667,0,0,45.8087,1,1,0,0,0,1,1,0,0,0,0,9283,0,1,38.0223,1,1,0,0,0,1,1,0,0,0,0
278,34,962.094,0,1,1,1252,0,0,48.2712,1,1,0,0,0,1,1,0,0,0,0,479,0,1,43.5268,1,1,0,0,0,1,1,0,0,0,0
279,34,219.027,0,1,1,3059,0,0,35.4239,1,1,0,0,0,1,1,0,0,0,0,840,0,1,41.4425,1,1,0,0,0,1,1,0,0,0,0
280,34,720.278,0,1,1,4099,0,0,32.8728,1,1,0,0,0,1,1,0,0,0,0,1443,0,1,32.3149,1,1,0,0,0,1,1,0,0,0,0
281,34,439.947,0,1,1,6601,0,0,50.4381,1,1,0,0,0,1,1,0,0,0,0,1589,0,1,22.9653,1,1,0,0,0,1,1,0,0,0,0
282,34,392.4,0,1,1,8856,0,0,31.8423,1,1,0,0,0,1,1,0,0,0,0,1697,0,1,41.132,1,1,0,0,0,1,1,0,0,0,0
283,34,56.2786,0,1,1,9185,0,0,44.7627,1,1,0,0,0,1,1,0,0,0,0,1973,0,1,31.989,1,1,0,0,0,1,1,0,0,0,0
284,34,397.228,0,1,1,880,0,0,16.9236,1,1,0,0,0,1,1,0,0,0,0,4052,0,1,33.518,1,1,0,0,0,1,1,0,0,0,0
285,34,193.436,0,1,1,2710,0,0,48.6889,1,1,0,0,0,1,1,0,0,0,0,5234,0,1,48.6843,1,1,0,0,0,1,1,0,0,0,0
286,34,58.3066,0,1,1,3519,0,0,24.1447,1,1,0,0,0,1,1,0,0,0,0,6206,0,1,27.0703,1,1,0,0,0,1,1,0,0,0,0
287,34,412.18,0,1,1,5303,0,0,17.6462,1,1,0,0,0,1,1,0,0,0,0,6363,0,1,26.8781,1,1,0,0,0,1,1,0,0,0,0
288,34,391,0,1,1,5676,0,0,43.6874,1,1,0,0,0,1,1,0,0,0,0,7327,0,1,25.6646,1,1,0,0,0,1,1,0,0,0,0
289,34,425.494,0,1,1,5701,0,0,25.3403,1,1,0,0,0,1,1,0,0,0,0,573,0,1,53.5265,1,1,0,0,0,1,1,0,0,0,0
290,34,265.057,0,1,1,5754,0,0,17.473,1,1,0,0,0,1,1,0,0,0,0,1910,0,1,21.3586,1,1,0,0,0,1,1,0,0,0,0
291,34,109.707,0,1,1,6047,0,0,22.146,1,1,0,0,0,1,1,0,0,0,0,2959,0,1,29.6178,1,1,0,0,0,1,1,0,0,0,0
292,34,98.7477,0,1,1,7342,0,0,31.6733,1,1,0,0,0,1,1,0,0,0,0,3296,0,1,36.5595,1,1,0,0,0,1,1,0,0,0,0
293,34,40.2802,0,1,1,8405,0,0,35.7708,1,1,0,0,0,1,1,0,0,0,0,3910,0,1,30.7884,1,1,0,0,0,1,1,0,0,0,0
294,34,280.992,0,1,1,9320,0,0,30.5432,1,1,0,0,0,1,1,0,0,0,0,4700,0,1,15.2337,1,1,0,0,0,1,1,0,0,0,0
295,34,423.187,0,1,1,10000,0,0,45.29,1,1,0,0,0,1,1,0,0,0,0,7012,0,1,47.507,1,1,0,0,0,1,1,0,0,0,0
296,34,999.6,0,1,1,3075,0,0,27.6707,1,1,0,0,0,1,1,0,0,0,0,7265,0,1,23.0365,1,1,0,0,0,1,1,0,0,0,0
297,34,554.279,0,1,1,4526,0,0,52.2945,1,1,0,0,0,1,1,0,0,0,0,9271,0,1,21.7242,1,1,0,0,0,1,1,0,0,0,0
298,34,684.75,0,1,1,4527,0,0,32.3491,1,1,0,0,0,1,1,0,0,0,0,85,0,1,42.9222,1,1,0,0,0,1,1,0,0,0,0
299,34,566.828,0,1,1,5259,0,0,22.917,1,1,0,0,0,1,1,0,0,0,0,1579,0,1,53.5595,1,1,0,0,0,1,1,0,0,0,0
300,34,392.136,0,1,1,6762,0,0,48.0477,1,1,0,0,0,1,1,0,0,0,0,2493,0,1,54.9177,1,1,0,0,0,1,1,0,0,0,0
301,34,221.044,0,1,1,6790,0,0,30.1462,1,1,0,0,0,1,1,0,0,0,0,7390,0,1,47.5848,1,1,0,0,0,1,1,0,0,0,0
302,34,89.0465,0,1,1,7464,0,0,35.8793,1,1,0,0,0,1,1,0,0,0,0,7645,0,1,51.3824,1,1,0,0,0,1,1,0,0,0,0
303,34,557.718,0,1,1,8314,0,0,25.5276,1,1,0,0,0,1,1,0,0,0,0,9705,0,1,34.5998,1,1,0,0,0,1,1,0,0,0,0
304,41,88.0953,0,1,1,8394,0,0,38.6917,1,1,0,0,0,1,1,0,0,0,0,2499,0,1,16.4089,1,1,0,0,0,1,1,0,0,0,0
305,41,234.451,0,1,1,9158,0,0,33.718,1,1,0,0,0,1,1,0,0,0,0,4072,0,1,43.0987,1,1,0,0,0,1,1,0,0,0,0
306,41,938.662,0,1,1,9748,0,0,34.4348,1,1,0,0,0,1,1,0,0,0,0,6294,0,1,27.837,1,1,0,0,0,1,1,0,0,0,0
307,41,253.635,0,1,1,181,0,0,25.1408,1,1,0,0,0,1,1,0,0,0,0,8097,0,1,47.8355,1,1,0,0,0,1,1,0,0,0,0
308,41,407.717,0,1,1,2094,0,0,47.5781,1,1,0,0,0,1,1,0,0,0,0,9102,0,1,39.6978,1,1,0,0,0,1,1,0,0,0,0
309,41,196.386,0,1,1,2934,0,0,35.8977,1,1,0,0,0,1,1,0,0,0,0,275,0,1,34.6256,1,1,0,0,0,1,1,0,0,0,0
310,41,204.07,0,1,1,3602,0,0,37.671,1,1,0,0,0,1,1,0,0,0,0,2977,0,1,48.2565,1,1,0,0,0,1,1,0,0,0,0
311,41,635.73,0,1,1,4524,0,0,15.9154,1,1,0,0,0,1,1,0,0,0,0,3643,0,1,32.4496,1,1,0,0,0,1,1,0,0,0,0
312,41,618.247,0,1,1,6099,0,0,38.2878,1,1,0,0,0,1,1,0,0,0,0,3682,0,1,43.3342,1,1,0,0,0,1,1,0,0,0,0
313,41,822.556,0,1,1,6167,0,0,31.8215,1,1,0,0,0,1,1,0,0,0,0,4506,0,1,31.8903,1,1,0,0,0,1,1,0,0,0,0
314,41,76.9126,0,1,1,6611,0,0,28.4737,1,1,0,0,0,1,1,0,0,0,0,6834,0,1,43.4581,1,1,0,0,0,1,1,0,0,0,0
315,41,934.08,0,1,1,6853,0,0,48.1794,1,1,0,0,0,1,1,0,0,0,0,7277,0,1,15.9962,1,1,0,0,0,1,1,0,0,0,0
316,41,1010.02,0,1,1,7536,0,0,26.8288,1,1,0,0,0,1,1,0,0,0,0,7370,0,1,53.2026,1,1,0,0,0,1,1,0,0,0,0
317,41,145.841,0,1,1,7541,0,0,16.1083,1,1,0,0,0,1,1,0,0,0,0,702,0,1,36.2228,1,1,0,0,0,1,1,0,0,0,0
318,41,281.099,0,1,1,8292,0,0,41.6269,1,1,0,0,0,1,1,0,0,0,0,1145,0,1,20.3939,1,1,0,0,0,1,1,0,0,0,0
319,41,595.117,0,1,1,9882,0,0,40.8744,1,1,0,0,0,1,1,0,0,0,0,1611,0,1,14.8498,1,1,0,0,0,1,1,0,0,0,0
320,41,210.352,0,1,1,2272,0,0,21.9409,1,1,0,0,0,1,1,0,0,0,0,1615,0,1,41.4102,1,1,0,0,0,1,1,0,0,0,0
321,41,777.632,0,1,1,2618,0,0,27.2534,1,1,0,0,0,1,1,0,0,0,0,1783,0,1,48.6819,1,1,0,0,0,1,1,0,0,0,0
322,41,254.124,0,1,1,4742,0,0,44.9356,1,1,0,0,0,1,1,0,0,0,0,2266,0,1,52.9635,1,1,0,0,0,1,1,0,0,0,0
323,41,98.578,0,1,1,5929,0,0,18.8746,1,1,0,0,0,1,1,0,0,0,0,2590,0,1,50.1091,1,1,0,0,0,1,1,0,0,0,0
324,41,661.385,0,1,1,6233,0,0,35.3716,1,1,0,0,0,1,1,0,0,0,0,4236,0,1,17.8406,1,1,0,0,0,1,1,0,0,0,0
325,41,110.396,0,1,1,7003,0,0,29.7527,1,1,0,0,0,1,1,0,0,0,0,5287,0,1,35.985,1,1,0,0,0,1,1,0,0,0,0
326,41,127.714,0,1,1,7069,0,0,54.6828,1,1,0,0,0,1,1,0,0,0,0,6921,0,1,48.4851,1,1,0,0,0,1,1,0,0,0,0
327,41,1056.89,0,1,1,7728,0,0,48.7478,1,1,0,0,0,1,1,0,0,0,0,8540,0,1,19.7423,1,1,0,0,0,1,1,0,0,0,0
328,41,192.124,0,1,1,8060,0,0,32.8885,1,1,0,0,0,1,1,0,0,0,0,9323,0,1,50.9792,1,1,0,0,0,1,1,0,0,0,0
329,41,183.378,0,1,1,8236,0,0,34.8745,1,1,0,0,0,1,1,0,0,0,0,1801,0,1,52.3218,1,1,0,0,0,1,1,0,0,0,0
330,41,80.9447,0,1,1,9377,0,0,50.4528,1,1,0,0,0,1,1,0,0,0,0,4084,0,1,25.3859,1,1,0,0,0,1,1,0,0,0,0
331,41,137.375,0,1,1,131,0,0,47.8241,1,1,0,0,0,1,1,0,0,0,0,4873,0,1,41.849,1,1,0,0,0,1,1,0,0,0,0
332,41,215.852,0,1,1,631,0,0,43.7965,1,1,0,0,0,1,1,0,0,0,0,5678,0,1,31.7648,1,1,0,0,0,1,1,0,0,0,0
333,41,428.203,0,1,1,2083,0,0,46.1941,1,1,0,0,0,1,1,0,0,0,0,6256,0,1,51.546,1,1,0,0,0,1,1,0,0,0,0
334,41,355.035,0,1,1,3310,0,0,50.9958,1,1,0,0,0,1,1,0,0,0,0,7082,0,1,41.0428,1,1,0,0,0,1,1,0,0,0,0
335,41,191.513,0,1,1,4137,0,0,46.0642,1,1,0,0,0,1,1,0,0,0,0,8511,0,1,16.8312,1,1,0,0,0,1,1,0,0,0,0
336,41,322.76,0,1,1,6300,0,0,29.7056,1,1,0,0,0,1,1,0,0,0,0,9076,0,1,48.1543,1,1,0,0,0,1,1,0,0,0,0
337,41,117.664,0,1,1,8813,0,0,45.6947,1,1,0,0,0,1,1,0,0,0,0,4362,0,1,48.9266,1,1,0,0,0,1,1,0,0,0,0
338,41,779.133,0,1,1,9121,0,0,52.2072,1,1,0,0,0,2,2,0,0,0,0,5097,0,1,45.1726,1,1,0,0,0,1,1,0,0,0,0
339,41,355.358,0,1,1,536,0,0,28.1372,1,1,0,0,0,1,1,0,0,0,0,5156,0,1,42.2314,1,1,0,0,0,1,1,0,0,0,0
340,41,292.291,0,1,1,735,0,0,44.469,1,1,0,0,0,1,1,0,0,0,0,7901,0,1,35.8872,1,1,0,0,0,1,1,0,0,0,0
341,41,496.572,0,1,1,911,0,0,54.1045,1,1,0,0,0,1,1,0,0,0,0,9685,0,1,31.1206,1,1,0,0,0,1,1,0,0,0,0
342,41,191.093,0,1,1,2489,0,0,48.7384,1,1,0,0,0,1,1,0,0,0,0,526,0,1,22.132,1,1,0,0,0,1,1,0,0,0,0
343,41,213.59,0,1,1,2828,0,0,37.7761,1,1,0,0,0,1,1,0,0,0,0,1690,0,1,49.7007,1,1,0,0,0,1,1,0,0,0,0
344,41,452.892,0,1,1,3130,0,0,43.3723,1,1,0,0,0,1,1,0,0,0,0,2579,0,1,47.5432,1,1,0,0,0,1,1,0,0,0,0
345,41,309.885,0,1,1,4804,0,0,20.6002,1,1,0,0,0,1,1,0,0,0,0,2875,0,1,17.5478,1,1,0,0,0,1,1,0,0,0,0
346,41,331.371,0,1,1,5347,0,0,54.3989,1,1,0,0,0,1,1,0,0,0,0,3077,0,1,24.3435,1,1,0,0,0,1,1,0,0,0,0
347,41,223.13,0,1,1,5766,0,0,35.561,1,1,0,0,0,1,1,0,0,0,0,4205,0,1,44.9555,1,1,0,0,0,1,1,0,0,0,0
348,41,477.635,0,1,1,6205,0,0,42.6801,1,1,0,0,0,1,1,0,0,0,0,5227,0,1,25.2538,1,1,0,0,0,1,1,0,0,0,0
349,41,553.095,0,1,1,7625,0,0,22.4295,1,1,0,0,0,1,1,0,0,0,0,5457,0,1,17.4888,1,1,0,0,0,1,1,0,0,0,0
350,41,391.894,0,1,1,9331,0,0,39.7135,1,1,0,0,0,1,1,0,0,0,0,7034,0,1,49.3271,1,1,0,0,0,1,1,0,0,0,0
351,41,475.004,0,1,1,182,0,0,54.2555,1,1,0,0,0,1,1,0,0,0,0,9596,0,1,46.0951,1,1,0,0,0,1,1,0,0,0,0
352,41,274.261,0,1,1,1013,0,0,15.5649,1,1,0,0,0,1,1,0,0,0,0,9739,0,1,44.3402,1,1,0,0,0,1,1,0,0,0,0
353,41,198.574,0,1,1,1108,0,0,31.2625,1,1,0,0,0,1,1,0,0,0,0,84,0,1,36.5896,1,1,0,0,0,1,1,0,0,0,0
354,41,107.087,0,1,1,2530,0,0,53.9347,1,1,0,0,0,1,1,0,0,0,0,954,0,1,19.6917,1,1,0,0,0,1,1,0,0,0,0
355,41,315.699,0,1,1,2649,0,0,40.6143,1,1,0,0,0,1,1,0,0,0,0,2324,0,1,22.6806,1,1,0,0,0,1,1,0,0,0,0
356,41,107.239,0,1,1,3194,0,0,32.7351,1,1,0,0,0,1,1,0,0,0,0,2630,0,1,22.5657,1,1,0,0,0,1,1,0,0,0,0
357,41,237.748,0,1,1,3237,0,0,46.6664,1,1,0,0,0,1,1,0,0,0,0,4843,0,1,41.6067,1,1,0,0,0,1,1,0,0,0,0
358,41,217.683,0,1,1,6662,0,0,36.6858,1,1,0,0,0,1,1,0,0,0,0,5497,0,1,20.6556,1,1,0,0,0,1,1,0,0,0,0
359,41,330.5,0,1,1,9143,0,0,46.5143,1,1,0,0,0,1,1,0,0,0,0,5721,0,1,50.4146,1,1,0,0,0,1,1,0,0,0,0
360,41,107.749,0,1,1,1079,0,0,43.9109,1,1,0,0,0,1,1,0,0,0,0,7134,0,1,28.4495,1,1,0,0,0,1,1,0,0,0,0
361,41,162.561,0,1,1,1933,0,0,22.0056,1,1,0,0,0,1,1,0,0,0,0,7911,0,1,37.1059,1,1,0,0,0,1,1,0,0,0,0
362,41,425.744,0,1,1,2267,0,0,54.3518,1,1,0,0,0,1,1,0,0,0,0,9412,0,1,38.7744,1,1,0,0,0,1,1,0,0,0,0
363,41,925.426,0,1,1,2472,0,0,24.0076,1,1,0,0,0,1,1,0,0,0,0,9604,0,1,49.4002,1,1,0,0,0,1,1,0,0,0,0
364,48,495.19,0,1,1,2555,0,0,17.9886,1,1,0,0,0,1,1,0,0,0,0,622,0,1,52.6416,1,1,0,0,0,2,2,0,0,0,0
365,48,441.755,0,1,1,4916,0,0,39.569,1,1,0,0,0,1,1,0,0,0,0,2109,0,1,37.4403,1,1,0,0,0,1,1,0,0,0,0
366,48,371.497,0,1,1,5112,0,0,49.8843,1,1,0,0,0,1,1,0,0,0,0,3225,0,1,39.0439,1,1,0,0,0,1,1,0,0,0,0
367,48,207.405,0,1,1,6546,0,0,23.4781,1,1,0,0,0,1,1,0,0,0,0,5716,0,1,43.9781,1,1,0,0,0,1,1,0,0,0,0
368,48,464.585,0,1,1,678,0,0,46.8454,1,1,0,0,0,1,1,0,0,0,0,6754,0,1,46.4636,1,1,0,0,0,1,1,0,0,0,0
369,48,62.061,0,1,1,1983,0,0,30.4854,1,1,0,0,0,1,1,0,0,0,0,8483,0,1,51.022,1,1,0,0,0,1,1,0,0,0,0
370,48,204.22,0,1,1,4981,0,0,31.8666,1,1,0,0,0,1,1,0,0,0,0,9234,0,1,19.499,1,1,0,0,0,1,1,0,0,0,0
371,48,618.048,0,1,1,7967,0,0,19.1884,1,1,0,0,0,1,1,0,0,0,0,9650,0,1,51.1303,1,1,0,0,0,1,1,0,0,0,0
372,48,439.856,0,1,1,8565,0,0,39.2485,1,1,0,0,0,1,1,0,0,0,0,9813,0,1,21.2717,1,1,0,0,0,1,1,0,0,0,0
373,48,657.152,0,1,1,740,0,0,21.4237,1,1,0,0,0,1,1,0,0,0,0,1156,0,1,37.2527,1,1,0,0,0,1,1,0,0,0,0
374,48,812.107,0,1,1,2322,0,0,30.5419,1,1,0,0,0,1,1,0,0,0,0,8200,0,1,49.5889,1,1,0,0,0,1,1,0,0,0,0
375,48,360.143,0,1,1,2891,0,0,34.0168,1,1,0,0,0,1,1,0,0,0,0,507,0,1,52.813,1,1,0,0,0,1,1,0,0,0,0
376,48,226.991,0,1,1,3025,0,0,53.428,1,1,0,0,0,1,1,0,0,0,0,721,0,1,20.2546,1,1,0,0,0,1,1,0,0,0,0
377,48,1022,0,1,1,4863,0,0,17.5289,1,1,0,0,0,1,1,0,0,0,0,3065,0,1,19.8562,1,1,0,0,0,1,1,0,0,0,0
378,48,432.383,0,1,1,5681,0,0,20.2307,1,1,0,0,0,1,1,0,0,0,0,4082,0,1,21.4002,1,1,0,0,0,1,1,0,0,0,0
379,48,659.686,0,1,1,6443,0,0,42.423,1,1,0,0,0,1,1,0,0,0,0,4143,0,1,51.8602,1,1,0,0,0,1,1,0,0,0,0
380,48,861.292,0,1,1,7589,0,0,20.1379,1,1,0,0,0,1,1,0,0,0,0,6164,0,1,32.1365,1,1,0,0,0,1,1,0,0,0,0
381,48,521.544,0,1,1,8666,0,0,30.8178,1,1,0,0,0,1,1,0,0,0,0,6439,0,1,21.6303,1,1,0,0,0,1,1,0,0,0,0
382,48,228.737,0,1,1,676,0,0,34.5692,1,1,0,0,0,1,1,0,0,0,0,6679,0,1,39.4156,1,1,0,0,0,1,1,0,0,0,0
383,48,127.696,0,1,1,2736,0,0,51.9411,1,1,0,0,0,1,1,0,0,0,0,8757,0,1,27.288,1,1,0,0,0,1,1,0,0,0,0
384,48,600.593,0,1,1,3057,0,0,43.7617,1,1,0,0,0,1,1,0,0,0,0,170,0,1,45.078,1,1,0,0,0,1,1,0,0,0,0
385,48,728.835,0,1,1,3325,0,0,26.3982,1,1,0,0,0,1,1,0,0,0,0,2709,0,1,40.4013,1,1,0,0,0,1,1,0,0,0,0
386,48,1031.05,0,1,1,4469,0,0,38.0583,1,1,0,0,0,1,1,0,0,0,0,3895,0,1,51.2449,1,1,0,0,0,1,1,0,0,0,0
387,48,491.591,0,1,1,5166,0,0,22.2322,1,1,0,0,0,1,1,0,0,0,0,4654,0,1,40.4451,1,1,0,0,0,1,1,0,0,0,0
388,48,138.484,0,1,1,5881,0,0,51.642,1,1,0,0,0,1,1,0,0,0,0,5661,0,1,44.3905,1,1,0,0,0,1,1,0,0,0,0
389,48,88.2775,0,1,1,6191,0,0,29.6044,1,1,0,0,0,1,1,0,0,0,0,6535,0,1,22.6755,1,1,0,0,0,1,1,0,0,0,0
390,48,205.332,0,1,1,6286,0,0,15.0131,1,1,0,0,0,1,1,0,0,0,0,6960,0,1,46.9864,1,1,0,0,0,1,1,0,0,0,0
391,48,254.045,0,1,1,6846,0,0,19.3607,1,1,0,0,0,1,1,0,0,0,0,7790,0,1,29.842,1,1,0,0,0,1,1,0,0,0,0
392,48,240.61,0,1,1,7230,0,0,20.5642,1,1,0,0,0,1,1,0,0,0,0,28,0,1,20.1457,1,1,0,0,0,1,1,0,0,0,0
393,48,271.013,0,1,1,8921,0,0,32.7645,1,1,0,0,0,1,1,0,0,0,0,1394,0,1,32.4942,1,1,0,0,0,1,1,0,0,0,0
394,48,511.161,0,1,1,9280,0,0,29.132,1,1,0,0,0,1,1,0,0,0,0,2090,0,1,33.4315,1,1,0,0,0,1,1,0,0,0,0
395,48,256.025,0,1,1,363,0,0,51.3389,1,1,0,0,0,1,1,0,0,0,0,3140,0,1,19.4535,1,1,0,0,0,1,1,0,0,0,0
396,48,674.173,0,1,1,946,0,0,46.4418,1,1,0,0,0,1,1,0,0,0,0,5898,0,1,50.9175,1,1,0,0,0,1,1,0,0,0,0
397,48,251.556,0,1,1,5194,0,0,19.0379,1,1,0,0,0,1,1,0,0,0,0,6869,0,1,43.5987,1,1,0,0,0,1,1,0,0,0,0
398,48,115.785,0,1,1,5872,0,0,35.7597,1,1,0,0,0,1,1,0,0,0,0,7606,0,1,37.6463,1,1,0,0,0,1,1,0,0,0,0
399,48,494.823,0,1,1,6156,0,0,37.6859,1,1,0,0,0,1,1,0,0,0,0,7853,0,1,40.5838,1,1,0,0,0,1,1,0,0,0,0
400,48,163.485,0,1,1,6732,0,0,36.5969,1,1,0,0,0,1,1,0,0,0,0,8568,0,1,54.0363,1,1,0,0,0,1,1,0,0,0,0
401,48,1133.87,0,1,1,6820,0,0,33.3726,1,1,0,0,0,1,1,0,0,0,0,9598,0,1,30.714,1,1,0,0,0,1,1,0,0,0,0
402,48,357.847,0,1,1,7371,0,0,22.9852,1,1,0,0,0,1,1,0,0,0,0,630,0,1,22.615,1,1,0,0,0,1,1,0,0,0,0
403,48,316.33,0,1,1,7761,0,0,43.8371,1,1,0,0,0,1,1,0,0,0,0,2139,0,1,26.779,1,1,0,0,0,1,1,0,0,0,0
404,48,213.97,0,1,1,7817,0,0,29.9177,1,1,0,0,0,1,1,0,0,0,0,2531,0,1,34.8031,1,1,0,0,0,1,1,0,0,0,0
405,48,1211.01,0,1,1,8183,0,0,24.5974,1,1,0,0,0,1,1,0,0,0,0,3711,0,1,33.8603,1,1,0,0,0,1,1,0,0,0,0
406,48,211.783,0,1,1,9316,0,0,47.949,1,1,0,0,0,1,1,0,0,0,0,4068,0,1,53.1676,1,1,0,0,0,1,1,0,0,0,0
407,48,309.885,0,1,1,9325,0,0,33.8819,1,1,0,0,0,1,1,0,0,0,0,7612,0,1,19.7336,1,1,0,0,0,1,1,0,0,0,0
408,48,151.719,0,1,1,9436,0,0,29.5636,1,1,0,0,0,1,1,0,0,0,0,8618,0,1,51.2541,1,1,0,0,0,1,1,0,0,0,0
409,48,266.286,0,1,1,2598,0,0,36.4697,1,1,0,0,0,1,1,0,0,0,0,9028,0,1,29.5395,1,1,0,0,0,1,1,0,0,0,0
410,48,325.13,0,1,1,3212,0,0,51.2981,1,1,0,0,0,1,1,0,0,0,0,944,0,1,52.2616,1,1,0,0,0,1,1,0,0,0,0
411,48,377.449,0,1,1,3976,0,0,29.9456,1,1,0,0,0,1,1,0,0,0,0,1088,0,1,15.7736,1,1,0,0,0,1,1,0,0,0,0
412,48,302.753,0,1,1,4755,0,0,36.971,1,1,0,0,0,1,1,0,0,0,0,1793,0,1,27.378,1,1,0,0,0,1,1,0,0,0,0
413,48,314.096,0,1,1,5314,0,0,23.0077,1,1,0,0,0,1,1,0,0,0,0,4435,0,1,50.0661,1,1,0,0,0,1,1,0,0,0,0
414,48,81.7957,0,1,1,1796,0,0,21.8816,1,1,0,0,0,1,1,0,0,0,0,5057,0,1,34.4995,1,1,0,0,0,1,1,0,0,0,0
415,55,344.579,0,1,1,2393,0,0,51.7786,1,1,0,0,0,1,1,0,0,0,0,647,0,1,31.4335,1,1,0,0,0,1,1,0,0,0,0
416,55,574.836,0,1,1,4611,0,0,33.8966,1,1,0,0,0,1,1,0,0,0,0,1223,0,1,51.8744,1,1,0,0,0,1,1,0,0,0,0
417,55,250.005,0,1,1,4919,0,0,38.3739,1,1,0,0,0,1,1,0,0,0,0,3508,0,1,52.2768,1,1,0,0,0,1,1,0,0,0,0
418,55,496.783,0,1,1,5844,0,0,49.3911,1,1,0,0,0,1,1,0,0,0,0,4831,0,1,28.9245,1,1,0,0,0,1,1,0,0,0,0
419,55,227.822,0,1,1,6231,0,0,37.5997,1,1,0,0,0,1,1,0,0,0,0,4849,0,1,38.5946,1,1,0,0,0,1,1,0,0,0,0
420,55,343.129,0,1,1,8126,0,0,34.3437,1,1,0,0,0,1,1,0,0,0,0,6052,0,1,48.7913,1,1,0,0,0,1,1,0,0,0,0
421,55,91.6052,0,1,1,9675,0,0,46.5131,1,1,0,0,0,1,1,0,0,0,0,6146,0,1,31.155,1,1,0,0,0,1,1,0,0,0,0
422,55,305.692,0,1,1,141,0,0,18.2964,1,1,0,0,0,1,1,0,0,0,0,6671,0,1,44.5004,1,1,0,0,0,1,1,0,0,0,0
423,55,431.025,0,1,1,485,0,0,48.4383,1,1,0,0,0,1,1,0,0,0,0,7527,0,1,43.1755,1,1,0,0,0,1,1,0,0,0,0
424,55,339.526,0,1,1,1882,0,0,45.6236,1,1,0,0,0,1,1,0,0,0,0,7562,0,1,28.5902,1,1,0,0,0,1,1,0,0,0,0
425,55,118.567,0,1,1,3263,0,0,49.3568,1,1,0,0,0,1,1,0,0,0,0,8277,0,1,35.4955,1,1,0,0,0,1,1,0,0,0,0
426,55,172.839,0,1,1,3809,0,0,40.1909,1,1,0,0,0,1,1,0,0,0,0,8766,0,1,54.7824,1,1,0,0,0,1,1,0,0,0,0
427,55,82.4311,0,1,1,4372,0,0,46.4732,1,1,0,0,0,1,1,0,0,0,0,599,0,1,23.45,1,1,0,0,0,1,1,0,0,0,0
428,55,1016.62,0,1,1,6008,0,0,29.4105,1,1,0,0,0,1,1,0,0,0,0,779,0,1,20.4842,1,1,0,0,0,1,1,0,0,0,0
429,55,745.332,0,1,1,6961,0,0,17.3077,1,1,0,0,0,1,1,0,0,0,0,1187,0,1,36.5017,1,1,0,0,0,1,1,0,0,0,0
430,55,76.5486,0,1,1,7196,0,0,48.0982,1,1,0,0,0,1,1,0,0,0,0,6080,0,1,48.9668,1,1,0,0,0,1,1,0,0,0,0
431,55,71.007,0,1,1,7858,0,0,32.5306,1,1,0,0,0,1,1,0,0,0,0,8142,0,1,30.966,1,1,0,0,0,1,1,0,0,0,0
432,55,306.838,0,1,1,7890,0,0,37.551,1,1,0,0,0,1,1,0,0,0,0,9449,0,1,50.9766,1,1,0,0,0,1,1,0,0,0,0
433,55,119.467,0,1,1,7945,0,0,48.1082,1,1,0,0,0,1,1,0,0,0,0,9665,0,1,41.8492,1,1,0,0,0,1,1,0,0,0,0
434,55,415.832,0,1,1,9078,0,0,38.6455,1,1,0,0,0,1,1,0,0,0,0,351,0,1,46.9741,1,1,0,0,0,1,1,0,0,0,0
435,55,346.861,0,1,1,1101,0,0,31.3779,1,1,0,0,0,1,1,0,0,0,0,5036,0,1,25.1053,1,1,0,0,0,1,1,0,0,0,0
436,55,397.223,0,1,1,1243,0,0,31.9274,1,1,0,0,0,1,1,0,0,0,0,5073,0,1,23.1099,1,1,0,0,0,1,1,0,0,0,0
437,55,727.969,0,1,1,2086,0,0,22.8794,1,1,0,0,0,1,1,0,0,0,0,5809,0,1,44.6841,1,1,0,0,0,1,1,0,0,0,0
438,55,164.828,0,1,1,4170,0,0,33.5619,1,1,0,0,0,1,1,0,0,0,0,6184,0,1,44.0901,1,1,0,0,0,1,1,0,0,0,0
439,55,83.7938,0,1,1,5751,0,0,25.3076,1,1,0,0,0,1,1,0,0,0,0,6617,0,1,34.2181,1,1,0,0,0,1,1,0,0,0,0
440,55,577.707,0,1,1,6487,0,0,28.8749,1,1,0,0,0,1,1,0,0,0,0,7548,0,1,27.8586,1,1,0,0,0,1,1,0,0,0,0
441,55,477.787,0,1,1,8509,0,0,31.6423,1,1,0,0,0,1,1,0,0,0,0,7550,0,1,28.3324,1,1,0,0,0,1,1,0,0,0,0
442,55,361.612,0,1,1,45,0,0,16.0839,1,1,0,0,0,1,1,0,0,0,0,9808,0,1,18.8425,1,1,0,0,0,1,1,0,0,0,0
443,55,496.019,0,1,1,67,0,0,39.1516,1,1,0,0,0,1,1,0,0,0,0,1025,0,1,15.6258,1,1,0,0,0,1,1,0,0,0,0
444,55,808.299,0,1,1,382,0,0,21.7644,1,1,0,0,0,1,1,0,0,0,0,2851,0,1,23.7879,1,1,0,0,0,1,1,0,0,0,0
445,55,134.348,0,1,1,531,0,0,20.4958,1,1,0,0,0,1,1,0,0,0,0,3819,0,1,54.0302,1,1,0,0,0,1,1,0,0,0,0
446,55,374.72,0,1,1,1264,0,0,32.4134,1,1,0,0,0,1,1,0,0,0,0,4729,0,1,28.8233,1,1,0,0,0,1,1,0,0,0,0
447,55,113.335,0,1,1,2264,0,0,43.5254,1,1,0,0,0,1,1,0,0,0,0,5732,0,1,32.3688,1,1,0,0,0,1,1,0,0,0,0
448,55,76.6342,0,1,1,4243,0,0,45.5622,1,1,0,0,0,1,1,0,0,0,0,905,0,1,36.0321,1,1,0,0,0,1,1,0,0,0,0
449,55,122.102,0,1,1,4789,0,0,16.9548,1,1,0,0,0,1,1,0,0,0,0,1176,0,1,29.9277,1,1,0,0,0,1,1,0,0,0,0
450,55,144.87,0,1,1,5266,0,0,38.143,1,1,0,0,0,1,1,0,0,0,0,1929,0,1,36.4041,1,1,0,0,0,1,1,0,0,0,0
451,55,729.122,0,1,1,5561,0,0,18.1183,1,1,0,0,0,1,1,0,0,0,0,2745,0,1,36.7137,1,1,0,0,0,1,1,0,0,0,0
452,55,232.606,0,1,1,6328,0,0,26.2273,1,1,0,0,0,1,1,0,0,0,0,7752,0,1,21.318,1,1,0,0,0,1,1,0,0,0,0
453,55,114.58,0,1,1,7261,0,0,39.9757,1,1,0,0,0,1,1,0,0,0,0,8801,0,1,36.2807,1,1,0,0,0,1,1,0,0,0,0
454,55,493.755,0,1,1,7902,0,0,53.2463,1,1,0,0,0,1,1,0,0,0,0,9745,0,1,23.7327,1,1,0,0,0,1,1,0,0,0,0
455,55,689.834,0,1,1,8189,0,0,45.2988,1,1,0,0,0,1,1,0,0,0,0,9988,0,1,46.5101,1,1,0,0,0,1,1,0,0,0,0
456,55,262.515,0,1,1,8828,0,0,24.1316,1,1,0,0,0,1,1,0,0,0,0,492,0,1,18.8152,1,1,0,0,0,1,1,0,0,0,0
457,55,364.344,0,1,1,491,0,0,50.4966,1,1,0,0,0,1,1,0,0,0,0,1297,0,1,31.1962,1,1,0,0,0,1,1,0,0,0,0
458,55,60.2019,0,1,1,2658,0,0,35.22,1,1,0,0,0,1,1,0,0,0,0,2394,0,1,52.1956,1,1,0,0,0,1,1,0,0,0,0
459,55,166.388,0,1,1,4116,0,0,36.3222,1,1,0,0,0,1,1,0,0,0,0,3938,0,1,54.5991,1,1,0,0,0,1,1,0,0,0,0
460,55,459.265,0,1,1,4155,0,0,50.0692,1,1,0,0,0,1,1,0,0,0,0,5202,0,1,23.3541,1,1,0,0,0,1,1,0,0,0,0
461,55,694.435,0,1,1,5338,0,0,29.2973,1,1,0,0,0,1,1,0,0,0,0,6245,0,1,49.2052,1,1,0,0,0,1,1,0,0,0,0
462,55,149.805,0,1,1,5776,0,0,50.0725,1,1,0,0,0,1,1,0,0,0,0,6844,0,1,49.1912,1,1,0,0,0,1,1,0,0,0,0
463,55,363.946,0,1,1,6011,0,0,50.4323,1,1,0,0,0,1,1,0,0,0,0,7576,0,1,18.5508,1,1,0,0,0,1,1,0,0,0,0
464,55,352.416,0,1,1,6509,0,0,20.1676,1,1,0,0,0,1,1,0,0,0,0,9607,0,1,50.1675,1,1,0,0,0,1,1,0,0,0,0
465,55,327.543,0,1,1,1888,0,0,44.3895,1,1,0,0,0,1,1,0,0,0,0,1333,0,1,40.9236,1,1,0,0,0,1,1,0,0,0,0
466,55,439.723,0,1,1,4141,0,0,48.6522,1,1,0,0,0,1,1,0,0,0,0,1518,0,1,36.854,1,1,0,0,0,1,1,0,0,0,0
467,55,88.3699,0,1,1,6177,0,0,39.1774,1,1,0,0,0,1,1,0,0,0,0,4565,0,1,28.632,1,1,0,0,0,1,1,0,0,0,0
468,55,252.381,0,1,1,6606,0,0,37.5357,1,1,0,0,0,1,1,0,0,0,0,7142,0,1,37.3462,1,1,0,0,0,1,1,0,0,0,0
469,55,235.063,0,1,1,7460,0,0,18.5588,1,1,0,0,0,2,2,0,0,0,0,9094,0,1,28.6722,1,1,0,0,0,1,1,0,0,0,0
470,55,123.927,0,1,1,8368,0,0,18.3427,1,1,0,0,0,1,1,0,0,0,0,9732,0,1,19.5334,1,1,0,0,0,1,1,0,0,0,0
471,62,284.386,0,1,1,9122,0,0,38.9375,1,1,0,0,0,1,1,0,0,0,0,418,0,1,33.648,1,1,0,0,0,1,1,0,0,0,0
472,62,74.2608,0,1,1,9635,0,0,24.8027,1,1,0,0,0,1,1,0,0,0,0,493,0,1,49.066,1,1,0,0,0,1,1,0,0,0,0
473,62,119.008,0,1,1,577,0,0,47.832,1,1,0,0,0,1,1,0,0,0,0,1060,0,1,20.3011,1,1,0,0,0,1,1,0,0,0,0
474,62,956.676,0,1,1,2286,0,0,24.2805,1,1,0,0,0,1,1,0,0,0,0,1986,0,1,32.0996,1,1,0,0,0,1,1,0,0,0,0
475,62,417.304,0,1,1,2516,0,0,53.2019,1,1,0,0,0,1,1,0,0,0,0,2714,0,1,16.7844,1,1,0,0,0,1,1,0,0,0,0
476,62,138.403,0,1,1,3082,0,0,49.8165,1,1,0,0,0,1,1,0,0,0,0,3953,0,1,16.5797,1,1,0,0,0,1,1,0,0,0,0
477,62,151.192,0,1,1,3223,0,0,38.5718,1,1,0,0,0,1,1,0,0,0,0,4753,0,1,53.4016,1,1,0,0,0,1,1,0,0,0,0
478,62,647.465,0,1,1,993,0,0,18.926,1,1,0,0,0,1,1,0,0,0,0,5215,0,1,54.7373,1,1,0,0,0,1,1,0,0,0,0
479,62,710.577,0,1,1,1182,0,0,52.6785,1,1,0,0,0,1,1,0,0,0,0,5295,0,1,20.4744,1,1,0,0,0,1,1,0,0,0,0
480,62,430.561,0,1,1,1844,0,0,31.4245,1,1,0,0,0,1,1,0,0,0,0,5886,0,1,37.1536,1,1,0,0,0,1,1,0,0,0,0
481,62,147.84,0,1,1,2600,0,0,21.8805,1,1,0,0,0,1,1,0,0,0,0,6935,0,1,34.0576,1,1,0,0,0,1,1,0,0,0,0
482,62,457.838,0,1,1,3796,0,0,21.596,1,1,0,0,0,1,1,0,0,0,0,6966,0,1,40.901,1,1,0,0,0,1,1,0,0,0,0
483,62,136.22,0,1,1,4350,0,0,52.0518,1,1,0,0,0,1,1,0,0,0,0,7303,0,1,43.6322,1,1,0,0,0,1,1,0,0,0,0
484,62,612.361,0,1,1,6019,0,0,33.6325,1,1,0,0,0,1,1,0,0,0,0,8868,0,1,30.643,1,1,0,0,0,1,1,0,0,0,0
485,62,285.085,0,1,1,8452,0,0,31.5803,1,1,0,0,0,1,1,0,0,0,0,2953,0,1,33.0095,1,1,0,0,0,1,1,0,0,0,0
486,62,687.253,0,1,1,9659,0,0,39.0854,1,1,0,0,0,1,1,0,0,0,0,3382,0,1,34.6442,1,1,0,0,0,1,1,0,0,0,0
487,62,137.057,0,1,1,731,0,0,45.517,1,1,0,0,0,1,1,0,0,0,0,4156,0,1,35.6518,1,1,0,0,0,1,1,0,0,0,0
488,62,250.962,0,1,1,2268,0,0,40.878,1,1,0,0,0,1,1,0,0,0,0,4379,0,1,19.8218,1,1,0,0,0,1,1,0,0,0,0
489,62,319.256,0,1,1,5381,0,0,17.9633,1,1,0,0,0,1,1,0,0,0,0,4516,0,1,28.8833,1,1,0,0,0,1,1,0,0,0,0
490,62,492.894,0,1,1,5391,0,0,25.5553,1,1,0,0,0,1,1,0,0,0,0,6238,0,1,52.3404,1,1,0,0,0,1,1,0,0,0,0
491,62,503.524,0,1,1,6102,0,0,35.4229,1,1,0,0,0,1,1,0,0,0,0,9166,0,1,50.6222,1,1,0,0,0,1,1,0,0,0,0
492,62,561.996,0,1,1,6168,0,0,17.2341,1,1,0,0,0,1,1,0,0,0,0,2903,0,1,43.4728,1,1,0,0,0,1,1,0,0,0,0
493,62,333.978,0,1,1,6739,0,0,31.8235,1,1,0,0,0,1,1,0,0,0,0,3115,0,1,24.2765,1,1,0,0,0,1,1,0,0,0,0
494,62,136.48,0,1,1,8474,0,0,19.5591,1,1,0,0,0,1,1,0,0,0,0,3709,0,1,22.595,1,1,0,0,0,1,1,0,0,0,0
495,62,523.04,0,1,1,8653,0,0,44.4142,1,1,0,0,0,1,1,0,0,0,0,4658,0,1,43.7556,1,1,0,0,0,1,1,0,0,0,0
496,62,131.853,0,1,1,1001,0,0,46.8753,1,1,0,0,0,2,2,0,0,0,0,4673,0,1,38.6622,1,1,0,0,0,1,1,0,0,0,0
497,62,517.822,0,1,1,1675,0,0,52.1699,1,1,0,0,0,1,1,0,0,0,0,6007,0,1,36.2848,1,1,0,0,0,1,1,0,0,0,0
498,62,90.1311,0,1,1,3005,0,0,18.8568,1,1,0,0,0,1,1,0,0,0,0,6591,0,1,30.1477,1,1,0,0,0,1,1,0,0,0,0
499,62,212.384,0,1,1,5612,0,0,31.3813,1,1,0,0,0,1,1,0,0,0,0,7248,0,1,26.143,1,1,0,0,0,1,1,0,0,0,0
500,62,200.982,0,1,1,7557,0,0,44.9388,1,1,0,0,0,1,1,0,0,0,0,7711,0,1,53.7088,1,1,0,0,0,1,1,0,0,0,0
501,62,393.916,0,1,1,7964,0,0,24.2366,1,1,0,0,0,1,1,0,0,0,0,7868,0,1,24.1731,1,1,0,0,0,1,1,0,0,0,0
502,62,361.931,0,1,1,855,0,0,32.7255,1,1,0,0,0,1,1,0,0,0,0,9015,0,1,20.1409,1,1,0,0,0,1,1,0,0,0,0
503,62,193.7,0,1,1,1248,0,0,32.4662,1,1,0,0,0,1,1,0,0,0,0,543,0,1,29.9541,1,1,0,0,0,1,1,0,0,0,0
504,62,97.9271,0,1,1,3739,0,0,32.4126,1,1,0,0,0,1,1,0,0,0,0,952,0,1,35.2424,1,1,0,0,0,1,1,0,0,0,0
505,62,71.496,0,1,1,4678,0,0,51.5822,1,1,0,0,0,1,1,0,0,0,0,4988,0,1,37.0537,1,1,0,0,0,1,1,0,0,0,0
506,62,281.642,0,1,1,5687,0,0,46.473,1,1,0,0,0,1,1,0,0,0,0,5969,0,1,17.2655,1,1,0,0,0,1,1,0,0,0,0
507,62,90.5597,0,1,1,6166,0,0,21.0718,1,1,0,0,0,1,1,0,0,0,0,6336,0,1,15.2258,1,1,0,0,0,1,1,0,0,0,0
508,62,218.483,0,1,1,6765,0,0,54.7266,1,1,0,0,0,1,1,0,0,0,0,8891,0,1,21.687,1,1,0,0,0,1,1,0,0,0,0
509,62,308.968,0,1,1,7722,0,0,50.1001,1,1,0,0,0,1,1,0,0,0,0,9288,0,1,45.9011,1,1,0,0,0,1,1,0,0,0,0
510,62,1056.25,0,1,1,8102,0,0,27.5816,1,1,0,0,0,1,1,0,0,0,0,1995,0,1,26.7483,1,1,0,0,0,1,1,0,0,0,0
511,62,1309.73,0,1,1,8172,0,0,41.5403,1,1,0,0,0,1,1,0,0,0,0,3588,0,1,29.5345,1,1,0,0,0,1,1,0,0,0,0
512,62,82.7063,0,1,1,8281,0,0,24.7651,1,1,0,0,0,1,1,0,0,0,0,3898,0,1,29.4068,1,1,0,0,0,1,1,0,0,0,0
513,62,73.4011,0,1,1,2405,0,0,44.509,1,1,0,0,0,1,1,0,0,0,0,5596,0,1,39.3109,1,1,0,0,0,1,1,0,0,0,0
514,62,303.389,0,1,1,2548,0,0,38.0823,1,1,0,0,0,1,1,0,0,0,0,6603,0,1,25.926,1,1,0,0,0,1,1,0,0,0,0
515,62,1041.21,0,1,1,3443,0,0,53.3318,1,1,0,0,0,1,1,0,0,0,0,7473,0,1,16.9077,1,1,0,0,0,1,1,0,0,0,0
516,62,148.163,0,1,1,4246,0,0,35.9992,1,1,0,0,0,1,1,0,0,0,0,9418,0,1,20.2514,1,1,0,0,0,1,1,0,0,0,0
517,62,114.248,0,1,1,4480,0,0,21.0576,1,1,0,0,0,1,1,0,0,0,0,9979,0,1,30.8043,1,1,0,0,0,1,1,0,0,0,0
518,62,1235.93,0,1,1,5728,0,0,42.3361,1,1,0,0,0,1,1,0,0,0,0,1284,0,1,20.3601,1,1,0,0,0,1,1,0,0,0,0
519,62,202.844,0,1,1,6190,0,0,25.6756,1,1,0,0,0,1,1,0,0,0,0,3438,0,1,48.537,1,1,0,0,0,1,1,0,0,0,0
520,62,219.072,0,1,1,7063,0,0,33.4138,1,1,0,0,0,1,1,0,0,0,0,3697,0,1,49.9542,1,1,0,0,0,1,1,0,0,0,0
521,62,257.037,0,1,1,7239,0,0,23.3085,1,1,0,0,0,1,1,0,0,0,0,4642,0,1,15.6913,1,1,0,0,0,1,1,0,0,0,0
522,62,387.734,0,1,1,7535,0,0,34.5845,1,1,0,0,0,1,1,0,0,0,0,5414,0,1,46.9179,1,1,0,0,0,1,1,0,0,0,0
523,62,257.978,0,1,1,8630,0,0,21.7618,1,1,0,0,0,1,1,0,0,0,0,9413,0,1,54.0369,1,1,0,0,0,1,1,0,0,0,0
524,62,756.543,0,1,1,1042,0,0,31.8297,1,1,0,0,0,1,1,0,0,0,0,9796,0,1,45.5313,1,1,0,0,0,1,1,0,0,0,0
525,62,147.446,0,1,1,1081,0,0,37.639,1,1,0,0,0,1,1,0,0,0,0,9802,0,1,40.8298,1,1,0,0,0,1,1,0,0,0,0
526,62,252.283,0,1,1,2158,0,0,17.7399,1,1,0,0,0,1,1,0,0,0,0,9831,0,1,43.7958,1,1,0,0,0,1,1,0,0,0,0
527,62,146.286,0,1,1,3683,0,0,50.0569,1,1,0,0,0,1,1,0,0,0,0,896,0,1,44.6051,1,1,0,0,0,1,1,0,0,0,0
528,62,306.973,0,1,1,8971,0,0,40.0888,1,1,0,0,0,1,1,0,0,0,0,1643,0,1,53.4998,1,1,0,0,0,1,1,0,0,0,0
529,62,1139.44,0,1,1,895,0,0,49.1285,1,1,0,0,0,1,1,0,0,0,0,2022,0,1,24.2814,1,1,0,0,0,1,1,0,0,0,0
530,62,211.674,0,1,1,2898,0,0,15.1934,1,1,0,0,0,1,1,0,0,0,0,2066,0,1,41.0005,1,1,0,0,0,1,1,0,0,0,0
531,62,246.908,0,1,1,6466,0,0,35.8586,1,1,0,0,0,1,1,0,0,0,0,3784,0,1,47.4023,1,1,0,0,0,1,1,0,0,0,0
532,62,278.91,0,1,1,6525,0,0,40.0636,1,1,0,0,0,1,1,0,0,0,0,6098,0,1,54.6408,1,1,0,0,0,1,1,0,0,0,0
533,62,181.55,0,1,1,6816,0,0,50.5706,1,1,0,0,0,1,1,0,0,0,0,6540,0,1,49.9969,1,1,0,0,0,1,1,0,0,0,0
534,62,654.245,0,1,1,7714,0,0,33.2099,1,1,0,0,0,1,1,0,0,0,0,9887,0,1,22.4471,1,1,0,0,0,1,1,0,0,0,0
535,69,220.741,0,1,1,626,0,0,54.5042,1,1,0,0,0,1,1,0,0,0,0,91,0,1,27.2987,1,1,0,0,0,1,1,0,0,0,0
536,69,158.314,0,1,1,808,0,0,42.9359,1,1,0,0,0,1,1,0,0,0,0,539,0,1,54.1181,1,1,0,0,0,1,1,0,0,0,0
537,69,239.784,0,1,1,2568,0,0,41.182,1,1,0,0,0,1,1,0,0,0,0,592,0,1,24.8466,1,1,0,0,0,1,1,0,0,0,0
538,69,342.381,0,1,1,4194,0,0,31.0618,1,1,0,0,0,1,1,0,0,0,0,1565,0,1,46.485,1,1,0,0,0,1,1,0,0,0,0
539,69,243.395,0,1,1,4547,0,0,29.9305,1,1,0,0,0,1,1,0,0,0,0,2763,0,1,53.3529,1,1,0,0,0,1,1,0,0,0,0
540,69,133.725,0,1,1,5975,0,0,28.3999,1,1,0,0,0,1,1,0,0,0,0,4998,0,1,29.1035,1,1,0,0,0,1,1,0,0,0,0
541,69,239.67,0,1,1,7036,0,0,46.321,1,1,0,0,0,1,1,0,0,0,0,5149,0,1,40.25,1,1,0,0,0,1,1,0,0,0,0
542,69,358.531,0,1,1,8197,0,0,34.5968,1,1,0,0,0,1,1,0,0,0,0,9217,0,1,46.6142,1,1,0,0,0,1,1,0,0,0,0
543,69,161.986,0,1,1,8852,0,0,54.8887,1,1,0,0,0,1,1,0,0,0,0,211,0,1,25.1146,1,1,0,0,0,1,1,0,0,0,0
544,69,384.305,0,1,1,9369,0,0,43.8862,1,1,0,0,0,1,1,0,0,0,0,482,0,1,45.0517,1,1,0,0,0,1,1,0,0,0,0
545,69,130.6,0,1,1,942,0,0,44.7333,1,1,0,0,0,1,1,0,0,0,0,872,0,1,53.6355,1,1,0,0,0,1,1,0,0,0,0
546,69,367.749,0,1,1,1787,0,0,35.6705,1,1,0,0,0,1,1,0,0,0,0,879,0,1,31.5088,1,1,0,0,0,1,1,0,0,0,0
547,69,208.078,0,1,1,5695,0,0,46.0531,1,1,0,0,0,1,1,0,0,0,0,1694,0,1,35.7775,1,1,0,0,0,1,1,0,0,0,0
548,69,219.829,0,1,1,6382,0,0,44.1326,1,1,0,0,0,1,1,0,0,0,0,3262,0,1,34.6095,1,1,0,0,0,1,1,0,0,0,0
549,69,429.906,0,1,1,7580,0,0,21.0248,1,1,0,0,0,1,1,0,0,0,0,3656,0,1,51.0971,1,1,0,0,0,1,1,0,0,0,0
550,69,303.524,0,1,1,7968,0,0,45.7154,1,1,0,0,0,1,1,0,0,0,0,4039,0,1,47.3304,1,1,0,0,0,1,1,0,0,0,0
551,69,290.308,0,1,1,812,0,0,25.0299,1,1,0,0,0,1,1,0,0,0,0,6881,0,1,44.4356,1,1,0,0,0,1,1,0,0,0,0
552,69,330.228,0,1,1,1985,0,0,42.2115,1,1,0,0,0,1,1,0,0,0,0,8257,0,1,54.2494,1,1,0,0,0,1,1,0,0,0,0
553,69,638.588,0,1,1,3487,0,0,29.6763,1,1,0,0,0,1,1,0,0,0,0,9855,0,1,33.3917,1,1,0,0,0,1,1,0,0,0,0
554,69,537.734,0,1,1,3676,0,0,21.4145,1,1,0,0,0,1,1,0,0,0,0,1798,0,1,50.0375,1,1,0,0,0,1,1,0,0,0,0
555,69,350.942,0,1,1,5060,0,0,15.9144,1,1,0,0,0,1,1,0,0,0,0,1963,0,1,45.5195,1,1,0,0,0,1,1,0,0,0,0
556,69,300.656,0,1,1,5160,0,0,54.4032,1,1,0,0,0,1,1,0,0,0,0,3351,0,1,36.2734,1,1,0,0,0,1,1,0,0,0,0
557,69,166.155,0,1,1,5184,0,0,33.0539,1,1,0,0,0,1,1,0,0,0,0,6775,0,1,32.3942,1,1,0,0,0,1,1,0,0,0,0
558,69,482.324,0,1,1,753,0,0,37.0664,1,1,0,0,0,1,1,0,0,0,0,7646,0,1,43.138,1,1,0,0,0,1,1,0,0,0,0
559,69,798.707,0,1,1,1685,0,0,42.9508,1,1,0,0,0,1,1,0,0,0,0,7751,0,1,53.5525,1,1,0,0,0,1,1,0,0,0,0
560,69,782.591,0,1,1,2033,0,0,29.4376,1,1,0,0,0,1,1,0,0,0,0,7896,0,1,28.2612,1,1,0,0,0,1,1,0,0,0,0
561,69,530.02,0,1,1,5001,0,0,29.3329,1,1,0,0,0,1,1,0,0,0,0,8094,0,1,36.9383,1,1,0,0,0,1,1,0,0,0,0
562,69,130.929,0,1,1,7918,0,0,52.2636,1,1,0,0,0,1,1,0,0,0,0,8560,0,1,21.3625,1,1,0,0,0,1,1,0,0,0,0
563,69,293.621,0,1,1,8475,0,0,41.8747,1,1,0,0,0,1,1,0,0,0,0,8665,0,1,49.6358,1,1,0,0,0,1,1,0,0,0,0
564,69,743.107,0,1,1,3136,0,0,35.8993,1,1,0,0,0,1,1,0,0,0,0,9500,0,1,45.9367,1,1,0,0,0,1,1,0,0,0,0
565,69,255.235,0,1,1,4123,0,0,50.2259,1,1,0,0,0,1,1,0,0,0,0,3414,0,1,26.8233,1,1,0,0,0,1,1,0,0,0,0
566,69,228.22,0,1,1,4393,0,0,39.9142,1,1,0,0,0,1,1,0,0,0,0,4743,0,1,44.7985,1,1,0,0,0,1,1,0,0,0,0
567,69,759.716,0,1,1,4572,0,0,51.2325,1,1,0,0,0,1,1,0,0,0,0,6033,0,1,33.1183,1,1,0,0,0,1,1,0,0,0,0
568,69,150.626,0,1,1,4930,0,0,45.6772,1,1,0,0,0,1,1,0,0,0,0,7399,0,1,33.2741,1,1,0,0,0,1,1,0,0,0,0
569,69,1395.83,0,1,1,5894,0,0,29.9074,1,1,0,0,0,1,1,0,0,0,0,9278,0,1,17.5346,1,1,0,0,0,1,1,0,0,0,0
570,69,358.602,0,1,1,6348,0,0,34.9614,1,1,0,0,0,1,1,0,0,0,0,432,0,1,16.7231,1,1,0,0,0,1,1,0,0,0,0
571,69,330.954,0,1,1,6623,0,0,32.902,1,1,0,0,0,1,1,0,0,0,0,3811,0,1,29.5665,1,1,0,0,0,1,1,0,0,0,0
572,69,187.719,0,1,1,7338,0,0,31.9143,1,1,0,0,0,1,1,0,0,0,0,4108,0,1,21.6259,1,1,0,0,0,1,1,0,0,0,0
573,69,293.429,0,1,1,7921,0,0,47.2427,1,1,0,0,0,1,1,0,0,0,0,4465,0,1,44.4679,1,1,0,0,0,1,1,0,0,0,0
574,69,271.217,0,1,1,8344,0,0,41.0637,1,1,0,0,0,2,2,0,0,0,0,5043,0,1,49.7796,1,1,0,0,0,1,1,0,0,0,0
575,69,590.336,0,1,1,9337,0,0,52.6712,1,1,0,0,0,1,1,0,0,0,0,5366,0,1,54.3678,1,1,0,0,0,1,1,0,0,0,0
576,69,381.309,0,1,1,9621,0,0,37.787,1,1,0,0,0,1,1,0,0,0,0,6582,0,1,27.2894,1,1,0,0,0,1,1,0,0,0,0
577,69,545.634,0,1,1,561,0,0,52.0781,1,1,0,0,0,1,1,0,0,0,0,162,0,1,22.9423,1,1,0,0,0,1,1,0,0,0,0
578,69,471.178,0,1,1,688,0,0,46.2422,1,1,0,0,0,1,1,0,0,0,0,778,0,1,24.6316,1,1,0,0,0,1,1,0,0,0,0
579,69,289.373,0,1,1,1489,0,0,46.7634,1,1,0,0,0,1,1,0,0,0,0,3531,0,1,53.9242,1,1,0,0,0,1,1,0,0,0,0
580,69,417.872,0,1,1,1915,0,0,20.6904,1,1,0,0,0,1,1,0,0,0,0,4091,0,1,47.3248,1,1,0,0,0,1,1,0,0,0,0
581,69,87.8548,0,1,1,2371,0,0,33.2772,1,1,0,0,0,1,1,0,0,0,0,4176,0,1,50.0599,1,1,0,0,0,1,1,0,0,0,0
582,69,380.972,0,1,1,3509,0,0,44.1118,1,1,0,0,0,1,1,0,0,0,0,5059,0,1,22.8465,1,1,0,0,0,1,1,0,0,0,0
583,69,280.059,0,1,1,8306,0,0,50.2852,1,1,0,0,0,1,1,0,0,0,0,5153,0,1,30.596,1,1,0,0,0,1,1,0,0,0,0
584,69,107.816,0,1,1,315,0,0,29.0351,1,1,0,0,0,1,1,0,0,0,0,5211,0,1,22.2219,1,1,0,0,0,1,1,0,0,0,0
585,69,316.356,0,1,1,445,0,0,33.8535,1,1,0,0,0,1,1,0,0,0,0,6062,0,1,20.7847,1,1,0,0,0,1,1,0,0,0,0
586,69,397.894,0,1,1,1149,0,0,42.4551,1,1,0,0,0,1,1,0,0,0,0,6368,0,1,21.4987,1,1,0,0,0,1,1,0,0,0,0
587,69,382.388,0,1,1,2847,0,0,49.8002,1,1,0,0,0,1,1,0,0,0,0,6483,0,1,21.1289,1,1,0,0,0,1,1,0,0,0,0
588,69,195.588,0,1,1,4523,0,0,41.8112,1,1,0,0,0,1,1,0,0,0,0,6534,0,1,52.3997,1,1,0,0,0,1,1,0,0,0,0
589,69,286.477,0,1,1,6043,0,0,50.454,1,1,0,0,0,1,1,0,0,0,0,6928,0,1,23.3451,1,1,0,0,0,1,1,0,0,0,0
590,69,139.221,0,1,1,6220,0,0,33.9949,1,1,0,0,0,1,1,0,0,0,0,7064,0,1,37.6326,1,1,0,0,0,1,1,0,0,0,0
591,69,539.699,0,1,1,6642,0,0,33.5175,1,1,0,0,0,1,1,0,0,0,0,393,0,1,27.8535,1,1,0,0,0,1,1,0,0,0,0
592,69,286.293,0,1,1,223,0,0,18.2684,1,1,0,0,0,1,1,0,0,0,0,874,0,1,23.1815,1,1,0,0,0,1,1,0,0,0,0
593,69,396.005,0,1,1,407,0,0,36.066,1,1,0,0,0,1,1,0,0,0,0,4005,0,1,46.1562,1,1,0,0,0,1,1,0,0,0,0
594,69,124.788,0,1,1,413,0,0,47.9475,1,1,0,0,0,1,1,0,0,0,0,4245,0,1,19.1137,1,1,0,0,0,1,1,0,0,0,0
595,69,125.623,0,1,1,1306,0,0,34.4834,1,1,0,0,0,1,1,0,0,0,0,5722,0,1,38.8607,1,1,0,0,0,1,1,0,0,0,0
596,69,547.161,0,1,1,1704,0,0,25.2039,1,1,0,0,0,1,1,0,0,0,0,5901,0,1,27.9214,1,1,0,0,0,1,1,0,0,0,0
597,69,140.848,0,1,1,2945,0,0,22.4054,1,1,0,0,0,1,1,0,0,0,0,7296,0,1,45.401,1,1,0,0,0,1,1,0,0,0,0
598,69,632.003,0,1,1,3510,0,0,18.2921,1,1,0,0,0,1,1,0,0,0,0,8869,0,1,36.3222,1,1,0,0,0,1,1,0,0,0,0
599,76,118.857,0,1,1,5006,0,0,43.9784,1,1,0,0,0,1,1,0,0,0,0,1973,0,1,31.989,1,1,0,0,0,2,2,0,0,0,0
600,76,342.76,0,1,1,6436,0,0,32.1604,1,1,0,0,0,1,1,0,0,0,0,7602,0,1,52.6157,1,1,0,0,0,1,1,0,0,0,0
601,76,130.022,0,1,1,8759,0,0,38.6083,1,1,0,0,0,1,1,0,0,0,0,8212,0,1,29.8758,1,1,0,0,0,1,1,0,0,0,0
602,76,855.612,0,1,1,205,0,0,25.3457,1,1,0,0,0,1,1,0,0,0,0,111,0,1,32.8407,1,1,0,0,0,1,1,0,0,0,0
603,76,588.234,0,1,1,457,0,0,51.4676,1,1,0,0,0,1,1,0,0,0,0,1581,0,1,32.5125,1,1,0,0,0,1,1,0,0,0,0
604,76,1166.64,0,1,1,1759,0,0,31.3847,1,1,0,0,0,1,1,0,0,0,0,4490,0,1,43.5696,1,1,0,0,0,1,1,0,0,0,0
605,76,481.011,0,1,1,2896,0,0,30.3017,1,1,0,0,0,1,1,0,0,0,0,7093,0,1,30.0504,1,1,0,0,0,1,1,0,0,0,0
606,76,1039.53,0,1,1,3422,0,0,32.6671,1,1,0,0,0,1,1,0,0,0,0,7434,0,1,44.5709,1,1,0,0,0,1,1,0,0,0,0
607,76,816.764,0,1,1,3664,0,0,22.77,1,1,0,0,0,1,1,0,0,0,0,1296,0,1,41.4105,1,1,0,0,0,1,1,0,0,0,0
608,76,156.886,0,1,1,4323,0,0,44.9995,1,1,0,0,0,1,1,0,0,0,0,2306,0,1,22.4916,1,1,0,0,0,1,1,0,0,0,0
609,76,176.306,0,1,1,5602,0,0,34.847,1,1,0,0,0,1,1,0,0,0,0,2909,0,1,16.4077,1,1,0,0,0,1,1,0,0,0,0
610,76,330.48,0,1,1,7282,0,0,53.8585,1,1,0,0,0,1,1,0,0,0,0,3732,0,1,40.7615,1,1,0,0,0,1,1,0,0,0,0
611,76,145.254,0,1,1,7665,0,0,20.2728,1,1,0,0,0,1,1,0,0,0,0,4146,0,1,44.4424,1,1,0,0,0,1,1,0,0,0,0
612,76,400.549,0,1,1,8417,0,0,26.158,1,1,0,0,0,1,1,0,0,0,0,5832,0,1,50.1156,1,1,0,0,0,1,1,0,0,0,0
613,76,426.683,0,1,1,8682,0,0,54.7272,1,1,0,0,0,1,1,0,0,0,0,9623,0,1,37.3432,1,1,0,0,0,1,1,0,0,0,0
614,76,880.181,0,1,1,8784,0,0,45.5678,1,1,0,0,0,1,1,0,0,0,0,9742,0,1,34.3677,1,1,0,0,0,1,1,0,0,0,0
615,76,442.424,0,1,1,692,0,0,44.9689,1,1,0,0,0,1,1,0,0,0,0,163,0,1,51.4366,1,1,0,0,0,1,1,0,0,0,0
616,76,107.078,0,1,1,1366,0,0,49.701,1,1,0,0,0,1,1,0,0,0,0,2198,0,1,38.1646,1,1,0,0,0,2,2,0,0,0,0
617,76,255.414,0,1,1,2931,0,0,26.593,1,1,0,0,0,1,1,0,0,0,0,2960,0,1,53.5806,1,1,0,0,0,1,1,0,0,0,0
618,76,716.277,0,1,1,6144,0,0,24.3486,1,1,0,0,0,1,1,0,0,0,0,3282,0,1,31.2991,1,1,0,0,0,1,1,0,0,0,0
619,76,208.64,0,1,1,9086,0,0,23.5868,1,1,0,0,0,1,1,0,0,0,0,3948,0,1,40.2547,1,1,0,0,0,1,1,0,0,0,0
620,76,187.378,0,1,1,9519,0,0,53.2244,1,1,0,0,0,1,1,0,0,0,0,3965,0,1,54.0613,1,1,0,0,0,1,1,0,0,0,0
621,76,431,0,1,1,629,0,0,35.7814,1,1,0,0,0,1,1,0,0,0,0,5951,0,1,31.5718,1,1,0,0,0,1,1,0,0,0,0
622,76,155.139,0,1,1,1282,0,0,36.132,1,1,0,0,0,1,1,0,0,0,0,1154,0,1,28.8296,1,1,0,0,0,1,1,0,0,0,0
623,76,898.074,0,1,1,2679,0,0,42.2401,1,1,0,0,0,1,1,0,0,0,0,1749,0,1,24.4197,1,1,0,0,0,1,1,0,0,0,0
624,76,105.482,0,1,1,5260,0,0,40.2043,1,1,0,0,0,1,1,0,0,0,0,3008,0,1,45.3891,1,1,0,0,0,1,1,0,0,0,0
625,76,260.203,0,1,1,5671,0,0,21.1091,1,1,0,0,0,1,1,0,0,0,0,4124,0,1,52.269,1,1,0,0,0,1,1,0,0,0,0
626,76,554.601,0,1,1,6503,0,0,19.3378,1,1,0,0,0,1,1,0,0,0,0,6139,0,1,52.8054,1,1,0,0,0,1,1,0,0,0,0
627,76,217.939,0,1,1,6874,0,0,44.9297,1,1,0,0,0,1,1,0,0,0,0,9164,0,1,51.0774,1,1,0,0,0,1,1,0,0,0,0
628,76,865.949,0,1,1,7150,0,0,24.2178,1,1,0,0,0,1,1,0,0,0,0,554,0,1,32.8565,1,1,0,0,0,1,1,0,0,0,0
629,76,440.023,0,1,1,8256,0,0,52.5289,1,1,0,0,0,1,1,0,0,0,0,640,0,1,33.7645,1,1,0,0,0,1,1,0,0,0,0
630,76,138.446,0,1,1,9297,0,0,49.6641,1,1,0,0,0,1,1,0,0,0,0,1332,0,1,28.1229,1,1,0,0,0,1,1,0,0,0,0
631,76,320.972,0,1,1,2370,0,0,25.9057,1,1,0,0,0,1,1,0,0,0,0,2056,0,1,45.55,1,1,0,0,0,1,1,0,0,0,0
632,76,937.853,0,1,1,2538,0,0,48.5773,1,1,0,0,0,1,1,0,0,0,0,2269,0,1,22.9406,1,1,0,0,0,1,1,0,0,0,0
633,76,608.369,0,1,1,3200,0,0,47.3027,1,1,0,0,0,1,1,0,0,0,0,3434,0,1,17.2911,1,1,0,0,0,1,1,0,0,0,0
634,76,258.418,0,1,1,4367,0,0,20.9385,1,1,0,0,0,1,1,0,0,0,0,5400,0,1,30.591,1,1,0,0,0,1,1,0,0,0,0
635,76,395.864,0,1,1,4985,0,0,36.4136,1,1,0,0,0,1,1,0,0,0,0,5506,0,1,33.1892,1,1,0,0,0,1,1,0,0,0,0
636,76,260.761,0,1,1,9480,0,0,25.8232,1,1,0,0,0,1,1,0,0,0,0,5693,0,1,50.911,1,1,0,0,0,1,1,0,0,0,0
637,76,440.719,0,1,1,1509,0,0,51.7143,1,1,0,0,0,1,1,0,0,0,0,7788,0,1,15.7472,1,1,0,0,0,1,1,0,0,0,0
638,76,306.079,0,1,1,1925,0,0,38.2776,1,1,0,0,0,1,1,0,0,0,0,186,0,1,23.0886,1,1,0,0,0,1,1,0,0,0,0
639,76,182.508,0,1,1,5509,0,0,51.6165,1,1,0,0,0,1,1,0,0,0,0,1870,0,1,31.1643,1,1,0,0,0,1,1,0,0,0,0
640,76,1431.86,0,1,1,6711,0,0,47.3476,1,1,0,0,0,1,1,0,0,0,0,2946,0,1,16.6517,1,1,0,0,0,1,1,0,0,0,0
641,76,400.142,0,1,1,9044,0,0,38.4267,1,1,0,0,0,1,1,0,0,0,0,3195,0,1,54.7065,1,1,0,0,0,1,1,0,0,0,0
642,76,364.332,0,1,1,9233,0,0,47.0514,1,1,0,0,0,1,1,0,0,0,0,7078,0,1,17.4864,1,1,0,0,0,1,1,0,0,0,0
643,76,597.908,0,1,1,26,0,0,48.7472,1,1,0,0,0,1,1,0,0,0,0,7300,0,1,44.3277,1,1,0,0,0,1,1,0,0,0,0
644,76,939.375,0,1,1,169,0,0,29.4516,1,1,0,0,0,2,2,0,0,0,0,8439,0,1,16.2381,1,1,0,0,0,1,1,0,0,0,0
645,83,253.818,0,1,1,294,0,0,43.7421,1,1,0,0,0,1,1,0,0,0,0,1879,0,1,18.4382,1,1,0,0,0,1,1,0,0,0,0
646,83,236.956,0,1,1,547,0,0,23.9339,1,1,0,0,0,1,1,0,0,0,0,2256,0,1,22.2251,1,1,0,0,0,1,1,0,0,0,0
647,83,342.924,0,1,1,814,0,0,19.1426,1,1,0,0,0,1,1,0,0,0,0,2536,0,1,47.6074,1,1,0,0,0,1,1,0,0,0,0
648,83,171.987,0,1,1,1402,0,0,25.78,1,1,0,0,0,1,1,0,0,0,0,3440,0,1,24.0297,1,1,0,0,0,1,1,0,0,0,0
649,83,307.737,0,1,1,1695,0,0,36.4386,1,1,0,0,0,1,1,0,0,0,0,5763,0,1,33.0537,1,1,0,0,0,1,1,0,0,0,0
650,83,464.202,0,1,1,2282,0,0,34.6597,1,1,0,0,0,1,1,0,0,0,0,6069,0,1,50.4485,1,1,0,0,0,1,1,0,0,0,0
651,83,1547.3,0,1,1,3177,0,0,38.9415,1,1,0,0,0,1,1,0,0,0,0,6117,0,1,27.6806,1,1,0,0,0,1,1,0,0,0,0
652,83,675.3,0,1,1,4582,0,0,50.5979,1,1,0,0,0,1,1,0,0,0,0,6360,0,1,40.5086,1,1,0,0,0,1,1,0,0,0,0
653,83,609.859,0,1,1,6044,0,0,54.097,1,1,0,0,0,1,1,0,0,0,0,8119,0,1,37.2108,1,1,0,0,0,1,1,0,0,0,0
654,83,388.029,0,1,1,8308,0,0,35.6935,1,1,0,0,0,1,1,0,0,0,0,8438,0,1,50.5997,1,1,0,0,0,1,1,0,0,0,0
655,83,180.681,0,1,1,8835,0,0,48.5204,1,1,0,0,0,1,1,0,0,0,0,9846,0,1,17.0429,1,1,0,0,0,1,1,0,0,0,0
656,83,337.387,0,1,1,135,0,0,35.9886,1,1,0,0,0,1,1,0,0,0,0,559,0,1,37.3178,1,1,0,0,0,1,1,0,0,0,0
657,83,270.373,0,1,1,556,0,0,36.8357,1,1,0,0,0,1,1,0,0,0,0,905,0,1,36.0321,1,1,0,0,0,2,2,0,0,0,0
658,83,246.68,0,1,1,849,0,0,42.0388,1,1,0,0,0,1,1,0,0,0,0,2554,0,1,25.1425,1,1,0,0,0,1,1,0,0,0,0
659,83,215.414,0,1,1,883,0,0,21.8612,1,1,0,0,0,1,1,0,0,0,0,3600,0,1,41.908,1,1,0,0,0,1,1,0,0,0,0
660,83,410.972,0,1,1,1537,0,0,49.6709,1,1,0,0,0,1,1,0,0,0,0,4999,0,1,42.276,1,1,0,0,0,1,1,0,0,0,0
661,83,629.844,0,1,1,2115,0,0,19.5347,1,1,0,0,0,1,1,0,0,0,0,5239,0,1,24.097,1,1,0,0,0,1,1,0,0,0,0
662,83,230.601,0,1,1,2586,0,0,51.3488,1,1,0,0,0,1,1,0,0,0,0,7940,0,1,44.4432,1,1,0,0,0,1,1,0,0,0,0
663,83,1021.08,0,1,1,7227,0,0,35.2158,1,1,0,0,0,1,1,0,0,0,0,605,0,1,45.6787,1,1,0,0,0,1,1,0,0,0,0
664,83,136.23,0,1,1,8295,0,0,49.6568,1,1,0,0,0,1,1,0,0,0,0,1452,0,1,42.5818,1,1,0,0,0,1,1,0,0,0,0
665,83,187.563,0,1,1,34,0,0,21.8951,1,1,0,0,0,1,1,0,0,0,0,1505,0,1,20.1847,1,1,0,0,0,1,1,0,0,0,0
666,83,611.204,0,1,1,150,0,0,38.6802,1,1,0,0,0,1,1,0,0,0,0,3860,0,1,49.4535,1,1,0,0,0,1,1,0,0,0,0
667,83,535.484,0,1,1,377,0,0,27.5155,1,1,0,0,0,1,1,0,0,0,0,5382,0,1,35.4931,1,1,0,0,0,1,1,0,0,0,0
668,83,137.6,0,1,1,972,0,0,27.5557,1,1,0,0,0,1,1,0,0,0,0,7776,0,1,45.7051,1,1,0,0,0,1,1,0,0,0,0
669,83,190.428,0,1,1,3043,0,0,52.189,1,1,0,0,0,1,1,0,0,0,0,9081,0,1,35.3935,1,1,0,0,0,1,1,0,0,0,0
670,83,691.79,0,1,1,5268,0,0,29.8816,1,1,0,0,0,1,1,0,0,0,0,2429,0,1,26.54,1,1,0,0,0,1,1,0,0,0,0
671,83,502.064,0,1,1,7335,0,0,27.2428,1,1,0,0,0,1,1,0,0,0,0,3276,0,1,36.2919,1,1,0,0,0,1,1,0,0,0,0
672,83,963.731,0,1,1,8437,0,0,24.7446,1,1,0,0,0,1,1,0,0,0,0,3690,0,1,23.0598,1,1,0,0,0,1,1,0,0,0,0
673,83,597.547,0,1,1,8588,0,0,35.5751,1,1,0,0,0,1,1,0,0,0,0,4159,0,1,30.0344,1,1,0,0,0,1,1,0,0,0,0
674,83,191.939,0,1,1,8953,0,0,53.4834,1,1,0,0,0,1,1,0,0,0,0,4588,0,1,23.8568,1,1,0,0,0,1,1,0,0,0,0
675,83,676.316,0,1,1,9800,0,0,43.6652,1,1,0,0,0,1,1,0,0,0,0,8228,0,1,20.6942,1,1,0,0,0,1,1,0,0,0,0
676,83,1233.62,0,1,1,2784,0,0,42.9049,1,1,0,0,0,1,1,0,0,0,0,8486,0,1,36.0519,1,1,0,0,0,1,1,0,0,0,0
677,83,434.363,0,1,1,2801,0,0,18.0889,1,1,0,0,0,1,1,0,0,0,0,340,0,1,16.402,1,1,0,0,0,1,1,0,0,0,0
678,83,197.45,0,1,1,6291,0,0,44.7141,1,1,0,0,0,1,1,0,0,0,0,1405,0,1,54.3399,1,1,0,0,0,1,1,0,0,0,0
679,83,359.366,0,1,1,6823,0,0,31.9628,1,1,0,0,0,1,1,0,0,0,0,1790,0,1,35.6596,1,1,0,0,0,1,1,0,0,0,0
680,83,303.237,0,1,1,8992,0,0,52.8719,1,1,0,0,0,1,1,0,0,0,0,2280,0,1,19.7347,1,1,0,0,0,1,1,0,0,0,0
681,83,456.572,0,1,1,624,0,0,50.1176,1,1,0,0,0,1,1,0,0,0,0,3245,0,1,51.68,1,1,0,0,0,1,1,0,0,0,0
682,83,986.401,0,1,1,1011,0,0,36.939,1,1,0,0,0,1,1,0,0,0,0,4195,0,1,14.4256,1,1,0,0,0,1,1,0,0,0,0
683,83,894.784,0,1,1,3036,0,0,40.7718,1,1,0,0,0,1,1,0,0,0,0,7791,0,1,44.5783,1,1,0,0,0,1,1,0,0,0,0
684,83,733.408,0,1,1,7260,0,0,40.763,1,1,0,0,0,1,1,0,0,0,0,8746,0,1,25.3908,1,1,0,0,0,1,1,0,0,0,0
685,83,138.957,0,1,1,8623,0,0,41.2794,1,1,0,0,0,1,1,0,0,0,0,9555,0,1,39.9698,1,1,0,0,0,1,1,0,0,0,0
686,83,212.683,0,1,1,8968,0,0,50.7874,1,1,0,0,0,1,1,0,0,0,0,9763,0,1,35.4011,1,1,0,0,0,1,1,0,0,0,0
687,83,530.98,0,1,1,2347,0,0,21.8323,1,1,0,0,0,1,1,0,0,0,0,1162,0,1,29.1888,1,1,0,0,0,1,1,0,0,0,0
688,83,367.602,0,1,1,3193,0,0,50.1247,1,1,0,0,0,1,1,0,0,0,0,1404,0,1,19.3851,1,1,0,0,0,1,1,0,0,0,0
689,83,599.595,0,1,1,3979,0,0,47.8357,1,1,0,0,0,1,1,0,0,0,0,5038,0,1,37.8902,1,1,0,0,0,1,1,0,0,0,0
690,83,359.904,0,1,1,4403,0,0,31.5824,1,1,0,0,0,2,2,0,0,0,0,6449,0,1,40.2856,1,1,0,0,0,1,1,0,0,0,0
691,83,718.504,0,1,1,6020,0,0,37.9614,1,1,0,0,0,1,1,0,0,0,0,6693,0,1,46.9827,1,1,0,0,0,1,1,0,0,0,0
692,83,101.288,0,1,1,9153,0,0,50.6629,1,1,0,0,0,1,1,0,0,0,0,8824,0,1,48.7491,1,1,0,0,0,1,1,0,0,0,0
693,83,165.2,0,1,1,1356,0,0,41.2213,1,1,0,0,0,1,1,0,0,0,0,9088,0,1,25.5326,1,1,0,0,0,1,1,0,0,0,0
694,83,377.879,0,1,1,3375,0,0,40.9746,1,1,0,0,0,1,1,0,0,0,0,9410,0,1,24.3369,1,1,0,0,0,1,1,0,0,0,0
695,83,454.748,0,1,1,4608,0,0,43.3067,1,1,0,0,0,1,1,0,0,0,0,115,0,1,23.2789,1,1,0,0,0,1,1,0,0,0,0
696,83,584.27,0,1,1,5305,0,0,41.3366,1,1,0,0,0,1,1,0,0,0,0,336,0,1,47.2377,1,1,0,0,0,1,1,0,0,0,0
697,83,226.57,0,1,1,7055,0,0,35.8702,1,1,0,0,0,1,1,0,0,0,0,827,0,1,31.374,1,1,0,0,0,1,1,0,0,0,0
698,83,929.123,0,1,1,7601,0,0,47.0469,1,1,0,0,0,1,1,0,0,0,0,1124,0,1,27.9489,1,1,0,0,0,1,1,0,0,0,0
699,83,455.221,0,1,1,8187,0,0,39.749,1,1,0,0,0,1,1,0,0,0,0,8443,0,1,52.2339,1,1,0,0,0,1,1,0,0,0,0
700,83,238.47,0,1,1,8401,0,0,47.1476,1,1,0,0,0,1,1,0,0,0,0,8698,0,1,32.4019,1,1,0,0,0,1,1,0,0,0,0
701,90,216.631,0,1,1,9167,0,0,34.1013,1,1,0,0,0,1,1,0,0,0,0,1401,0,1,53.6285,1,1,0,0,0,1,1,0,0,0,0
702,90,596.74,0,1,1,9788,0,0,46.4878,1,1,0,0,0,1,1,0,0,0,0,2254,0,1,42.8142,1,1,0,0,0,1,1,0,0,0,0
703,90,258.883,0,1,1,15,0,0,35.0356,1,1,0,0,0,1,1,0,0,0,0,2384,0,1,25.9615,1,1,0,0,0,1,1,0,0,0,0
704,90,977.121,0,1,1,710,0,0,42.6388,1,1,0,0,0,1,1,0,0,0,0,3998,0,1,18.8858,1,1,0,0,0,1,1,0,0,0,0
705,90,139.5,0,1,1,1989,0,0,40.2226,1,1,0,0,0,2,2,0,0,0,0,4594,0,1,14.4814,1,1,0,0,0,1,1,0,0,0,0
706,90,182.225,0,1,1,2018,0,0,54.7791,1,1,0,0,0,1,1,0,0,0,0,7328,0,1,31.2432,1,1,0,0,0,1,1,0,0,0,0
707,90,185.58,0,1,1,3609,0,0,29.8261,1,1,0,0,0,1,1,0,0,0,0,9389,0,1,19.4212,1,1,0,0,0,1,1,0,0,0,0
708,90,669.482,0,1,1,3695,0,0,36.365,1,1,0,0,0,1,1,0,0,0,0,9972,0,1,45.8493,1,1,0,0,0,1,1,0,0,0,0
709,90,335.477,0,1,1,4160,0,0,29.7439,1,1,0,0,0,1,1,0,0,0,0,216,0,1,46.4643,1,1,0,0,0,1,1,0,0,0,0
710,90,227.606,0,1,1,6779,0,0,39.2961,1,1,0,0,0,1,1,0,0,0,0,2135,0,1,43.774,1,1,0,0,0,1,1,0,0,0,0
711,90,824.779,0,1,1,7820,0,0,35.5363,1,1,0,0,0,1,1,0,0,0,0,4422,0,1,43.407,1,1,0,0,0,1,1,0,0,0,0
712,90,389.182,0,1,1,9688,0,0,49.3366,1,1,0,0,0,1,1,0,0,0,0,8181,0,1,54.7174,1,1,0,0,0,1,1,0,0,0,0
713,90,173.446,0,1,1,9772,0,0,25.4972,1,1,0,0,0,1,1,0,0,0,0,9472,0,1,22.1091,1,1,0,0,0,1,1,0,0,0,0
714,90,272.25,0,1,1,1444,0,0,20.8708,1,1,0,0,0,1,1,0,0,0,0,254,0,1,21.7382,1,1,0,0,0,1,1,0,0,0,0
715,90,157.861,0,1,1,2387,0,0,18.5475,1,1,0,0,0,1,1,0,0,0,0,1015,0,1,40.3804,1,1,0,0,0,1,1,0,0,0,0
716,90,287.544,0,1,1,2802,0,0,21.8635,1,1,0,0,0,1,1,0,0,0,0,2312,0,1,16.3682,1,1,0,0,0,1,1,0,0,0,0
717,90,424.457,0,1,1,3451,0,0,30.321,1,1,0,0,0,1,1,0,0,0,0,3088,0,1,28.4079,1,1,0,0,0,1,1,0,0,0,0
718,90,288.19,0,1,1,6383,0,0,41.9853,1,1,0,0,0,1,1,0,0,0,0,7314,0,1,51.3422,1,1,0,0,0,1,1,0,0,0,0
719,90,271.449,0,1,1,6926,0,0,21.8925,1,1,0,0,0,1,1,0,0,0,0,9174,0,1,38.7797,1,1,0,0,0,1,1,0,0,0,0
720,90,214.63,0,1,1,7090,0,0,22.0556,1,1,0,0,0,1,1,0,0,0,0,9438,0,1,38.273,1,1,0,0,0,1,1,0,0,0,0
721,90,373.149,0,1,1,306,0,0,21.6648,1,1,0,0,0,1,1,0,0,0,0,90,0,1,52.2878,1,1,0,0,0,1,1,0,0,0,0
722,90,232.13,0,1,1,4983,0,0,29.2133,1,1,0,0,0,1,1,0,0,0,0,4459,0,1,17.9459,1,1,0,0,0,1,1,0,0,0,0
723,90,158.423,0,1,1,8691,0,0,33.6549,1,1,0,0,0,1,1,0,0,0,0,4633,0,1,21.8815,1,1,0,0,0,1,1,0,0,0,0
724,90,279.603,0,1,1,9891,0,0,26.9685,1,1,0,0,0,1,1,0,0,0,0,5012,0,1,49.0315,1,1,0,0,0,1,1,0,0,0,0
725,90,358.701,0,1,1,4503,0,0,51.3047,1,1,0,0,0,1,1,0,0,0,0,8995,0,1,17.6201,1,1,0,0,0,1,1,0,0,0,0
726,90,394.836,0,1,1,5044,0,0,19.5924,1,1,0,0,0,1,1,0,0,0,0,17,0,1,34.5907,1,1,0,0,0,1,1,0,0,0,0
727,90,185.41,0,1,1,6207,0,0,54.6361,1,1,0,0,0,1,1,0,0,0,0,5032,0,1,18.8996,1,1,0,0,0,1,1,0,0,0,0
728,90,126.873,0,1,1,6469,0,0,35.3774,1,1,0,0,0,1,1,0,0,0,0,5460,0,1,24.8141,1,1,0,0,0,1,1,0,0,0,0
729,90,957.069,0,1,1,7253,0,0,32.8318,1,1,0,0,0,1,1,0,0,0,0,6268,0,1,27.9725,1,1,0,0,0,1,1,0,0,0,0
730,90,125.656,0,1,1,7597,0,0,41.5351,1,1,0,0,0,1,1,0,0,0,0,6435,0,1,40.0655,1,1,0,0,0,1,1,0,0,0,0
731,90,349.623,0,1,1,7608,0,0,20.7047,1,1,0,0,0,1,1,0,0,0,0,9929,0,1,17.3074,1,1,0,0,0,1,1,0,0,0,0
732,90,864.781,0,1,1,7956,0,0,36.1654,1,1,0,0,0,1,1,0,0,0,0,29,0,1,51.5794,1,1,0,0,0,1,1,0,0,0,0
733,90,324.484,0,1,1,8576,0,0,24.4149,1,1,0,0,0,1,1,0,0,0,0,497,0,1,44.5937,1,1,0,0,0,1,1,0,0,0,0
734,90,204.009,0,1,1,9766,0,0,50.0226,1,1,0,0,0,1,1,0,0,0,0,658,0,1,17.8588,1,1,0,0,0,1,1,0,0,0,0
735,90,167.987,0,1,1,9819,0,0,40.168,1,1,0,0,0,1,1,0,0,0,0,1267,0,1,52.4263,1,1,0,0,0,2,2,0,0,0,0
736,90,166.906,0,1,1,1023,0,0,44.1337,1,1,0,0,0,1,1,0,0,0,0,1319,0,1,31.3284,1,1,0,0,0,1,1,0,0,0,0
737,90,789.2,0,1,1,1141,0,0,42.641,1,1,0,0,0,1,1,0,0,0,0,2973,0,1,34.6122,1,1,0,0,0,1,1,0,0,0,0
738,90,233.693,0,1,1,1988,0,0,46.8322,1,1,0,0,0,1,1,0,0,0,0,4518,0,1,28.7952,1,1,0,0,0,1,1,0,0,0,0
739,90,421.807,0,1,1,3222,0,0,29.7538,1,1,0,0,0,1,1,0,0,0,0,5113,0,1,31.4543,1,1,0,0,0,1,1,0,0,0,0
740,90,117.246,0,1,1,3713,0,0,30.8483,1,1,0,0,0,1,1,0,0,0,0,6121,0,1,27.4117,1,1,0,0,0,1,1,0,0,0,0
741,90,154.716,0,1,1,4168,0,0,19.1874,1,1,0,0,0,1,1,0,0,0,0,6842,0,1,35.7375,1,1,0,0,0,1,1,0,0,0,0
742,90,605.175,0,1,1,9242,0,0,32.4794,1,1,0,0,0,1,1,0,0,0,0,8398,0,1,30.5961,1,1,0,0,0,1,1,0,0,0,0
743,90,239.909,0,1,1,481,0,0,32.2099,1,1,0,0,0,1,1,0,0,0,0,9204,0,1,41.6443,1,1,0,0,0,1,1,0,0,0,0
744,90,1240.57,0,1,1,1203,0,0,32.9012,1,1,0,0,0,1,1,0,0,0,0,9970,0,1,49.2592,1,1,0,0,0,2,2,0,0,0,0
745,90,371.109,0,1,1,3258,0,0,27.1926,1,1,0,0,0,1,1,0,0,0,0,1192,0,1,39.7734,1,1,0,0,0,1,1,0,0,0,0
746,90,117.392,0,1,1,3984,0,0,18.0029,1,1,0,0,0,1,1,0,0,0,0,3071,0,1,30.8217,1,1,0,0,0,1,1,0,0,0,0
747,90,632.3,0,1,1,5710,0,0,28.3955,1,1,0,0,0,1,1,0,0,0,0,3393,0,1,25.5279,1,1,0,0,0,1,1,0,0,0,0
748,90,1585.26,0,1,1,5995,0,0,36.935,1,1,0,0,0,1,1,0,0,0,0,3699,0,1,54.0565,1,1,0,0,0,1,1,0,0,0,0
749,90,182.38,0,1,1,6392,0,0,29.3055,1,1,0,0,0,1,1,0,0,0,0,4761,0,1,18.3755,1,1,0,0,0,2,2,0,0,0,0
750,90,325.233,0,1,1,8491,0,0,30.5087,1,1,0,0,0,1,1,0,0,0,0,5170,0,1,32.0129,1,1,0,0,0,1,1,0,0,0,0
751,90,103.369,0,1,1,9850,0,0,38.092,1,1,0,0,0,1,1,0,0,0,0,5927,0,1,53.6936,1,1,0,0,0,1,1,0,0,0,0
752,90,208.599,0,1,1,2507,0,0,44.2718,1,1,0,0,0,1,1,0,0,0,0,6303,0,1,42.8264,1,1,0,0,0,1,1,0,0,0,0
753,90,844.787,0,1,1,4771,0,0,51.6189,1,1,0,0,0,1,1,0,0,0,0,7179,0,1,40.2932,1,1,0,0,0,1,1,0,0,0,0
754,90,274.197,0,1,1,5911,0,0,28.8743,1,1,0,0,0,2,2,0,0,0,0,8121,0,1,36.7543,1,1,0,0,0,1,1,0,0,0,0
755,90,492.982,0,1,1,6331,0,0,48.3201,1,1,0,0,0,1,1,0,0,0,0,8309,0,1,50.5846,1,1,0,0,0,1,1,0,0,0,0
756,97,525.652,0,1,1,7442,0,0,51.7428,1,1,0,0,0,1,1,0,0,0,0,389,0,1,44.2594,1,1,0,0,0,1,1,0,0,0,0
757,97,942.9,0,1,1,8699,0,0,18.067,1,1,0,0,0,1,1,0,0,0,0,825,0,1,46.2974,1,1,0,0,0,1,1,0,0,0,0
758,97,1080.85,0,1,1,9392,0,0,18.3306,1,1,0,0,0,1,1,0,0,0,0,1871,0,1,31.3801,1,1,0,0,0,1,1,0,0,0,0
759,97,658.303,0,1,1,3093,0,0,45.8076,1,1,0,0,0,1,1,0,0,0,0,2257,0,1,36.082,1,1,0,0,0,1,1,0,0,0,0
760,97,175.279,0,1,1,6339,0,0,31.4472,1,1,0,0,0,1,1,0,0,0,0,2867,0,1,25.6891,1,1,0,0,0,1,1,0,0,0,0
761,97,343.575,0,1,1,6684,0,0,25.3538,1,1,0,0,0,1,1,0,0,0,0,5944,0,1,37.8059,1,1,0,0,0,1,1,0,0,0,0
762,97,887.202,0,1,1,7298,0,0,38.136,1,1,0,0,0,1,1,0,0,0,0,6445,0,1,45.3634,1,1,0,0,0,1,1,0,0,0,0
763,97,562.454,0,1,1,7779,0,0,26.8899,1,1,0,0,0,1,1,0,0,0,0,8008,0,1,46.5825,1,1,0,0,0,1,1,0,0,0,0
764,97,556.725,0,1,1,8298,0,0,16.643,1,1,0,0,0,1,1,0,0,0,0,9022,0,1,50.7262,1,1,0,0,0,1,1,0,0,0,0
765,97,721.005,0,1,1,9163,0,0,52.3799,1,1,0,0,0,1,1,0,0,0,0,9666,0,1,54.0388,1,1,0,0,0,1,1,0,0,0,0
766,97,123.575,0,1,1,929,0,0,50.2712,1,1,0,0,0,1,1,0,0,0,0,5879,0,1,34.0658,1,1,0,0,0,1,1,0,0,0,0
767,97,254.235,0,1,1,2411,0,0,29.27,1,1,0,0,0,1,1,0,0,0,0,7849,0,1,41.5637,1,1,0,0,0,1,1,0,0,0,0
768,97,288.088,0,1,1,2872,0,0,41.5189,1,1,0,0,0,1,1,0,0,0,0,8983,0,1,34.9398,1,1,0,0,0,1,1,0,0,0,0
769,97,151.256,0,1,1,3352,0,0,37.0989,1,1,0,0,0,1,1,0,0,0,0,1086,0,1,26.3054,1,1,0,0,0,1,1,0,0,0,0
770,97,158.515,0,1,1,5393,0,0,28.9256,1,1,0,0,0,1,1,0,0,0,0,2778,0,1,43.9485,1,1,0,0,0,2,2,0,0,0,0
771,97,197.635,0,1,1,5818,0,0,43.6841,1,1,0,0,0,1,1,0,0,0,0,7062,0,1,32.3974,1,1,0,0,0,1,1,0,0,0,0
772,97,493.133,0,1,1,5945,0,0,49.2979,1,1,0,0,0,1,1,0,0,0,0,7594,0,1,25.0475,1,1,0,0,0,1,1,0,0,0,0
773,97,891.526,0,1,1,6186,0,0,41.4561,1,1,0,0,0,1,1,0,0,0,0,7677,0,1,42.4394,1,1,0,0,0,1,1,0,0,0,0
774,97,783.564,0,1,1,7032,0,0,49.2037,1,1,0,0,0,1,1,0,0,0,0,9290,0,1,31.7115,1,1,0,0,0,1,1,0,0,0,0
775,97,342.738,0,1,1,8050,0,0,42.7101,1,1,0,0,0,1,1,0,0,0,0,2055,0,1,32.4156,1,1,0,0,0,1,1,0,0,0,0
776,97,235.651,0,1,1,8731,0,0,40.2352,1,1,0,0,0,1,1,0,0,0,0,2671,0,1,33.5399,1,1,0,0,0,1,1,0,0,0,0
777,97,251.086,0,1,1,8969,0,0,30.0175,1,1,0,0,0,1,1,0,0,0,0,3613,0,1,35.6741,1,1,0,0,0,1,1,0,0,0,0
778,97,425.946,0,1,1,9694,0,0,44.569,1,1,0,0,0,1,1,0,0,0,0,3858,0,1,20.1336,1,1,0,0,0,1,1,0,0,0,0
779,97,228.551,0,1,1,65,0,0,21.5326,1,1,0,0,0,1,1,0,0,0,0,8850,0,1,16.5676,1,1,0,0,0,1,1,0,0,0,0
780,97,158.339,0,1,1,1215,0,0,40.0969,1,1,0,0,0,1,1,0,0,0,0,73,0,1,31.0216,1,1,0,0,0,1,1,0,0,0,0
781,97,141.789,0,1,1,3528,0,0,28.2508,1,1,0,0,0,1,1,0,0,0,0,1422,0,1,41.2932,1,1,0,0,0,1,1,0,0,0,0
782,97,611.044,0,1,1,3928,0,0,31.4626,1,1,0,0,0,1,1,0,0,0,0,4545,0,1,51.3571,1,1,0,0,0,1,1,0,0,0,0
783,97,346.537,0,1,1,7567,0,0,40.5078,1,1,0,0,0,1,1,0,0,0,0,4764,0,1,23.4943,1,1,0,0,0,1,1,0,0,0,0
784,97,462.435,0,1,1,7990,0,0,51.4719,1,1,0,0,0,1,1,0,0,0,0,5152,0,1,17.0208,1,1,0,0,0,1,1,0,0,0,0
785,97,256.284,0,1,1,9249,0,0,22.6167,1,1,0,0,0,1,1,0,0,0,0,6963,0,1,19.2298,1,1,0,0,0,1,1,0,0,0,0
786,97,290.944,0,1,1,57,0,0,46.9712,1,1,0,0,0,1,1,0,0,0,0,7083,0,1,49.8557,1,1,0,0,0,1,1,0,0,0,0
787,97,395.335,0,1,1,615,0,0,25.5824,1,1,0,0,0,1,1,0,0,0,0,7481,0,1,18.2491,1,1,0,0,0,1,1,0,0,0,0
788,97,249.938,0,1,1,1608,0,0,50.2323,1,1,0,0,0,1,1,0,0,0,0,8168,0,1,44.5148,1,1,0,0,0,1,1,0,0,0,0
789,97,722.071,0,1,1,3556,0,0,46.8734,1,1,0,0,0,1,1,0,0,0,0,9059,0,1,29.1422,1,1,0,0,0,2,2,0,0,0,0
790,97,777.585,0,1,1,3567,0,0,27.0043,1,1,0,0,0,1,1,0,0,0,0,9307,0,1,16.5122,1,1,0,0,0,1,1,0,0,0,0
791,97,884.627,0,1,1,3915,0,0,37.9137,1,1,0,0,0,1,1,0,0,0,0,2667,0,1,33.5319,1,1,0,0,0,1,1,0,0,0,0
792,97,616.631,0,1,1,8459,0,0,43.5355,1,1,0,0,0,1,1,0,0,0,0,5733,0,1,21.2771,1,1,0,0,0,1,1,0,0,0,0
793,97,1223.43,0,1,1,2261,0,0,27.9092,1,1,0,0,0,1,1,0,0,0,0,6237,0,1,50.6058,1,1,0,0,0,1,1,0,0,0,0
794,97,437.228,0,1,1,2427,0,0,36.6782,1,1,0,0,0,1,1,0,0,0,0,7158,0,1,28.8816,1,1,0,0,0,1,1,0,0,0,0
795,97,278.866,0,1,1,2535,0,0,17.0641,1,1,0,0,0,1,1,0,0,0,0,7786,0,1,54.0187,1,1,0,0,0,1,1,0,0,0,0
796,97,573.57,0,1,1,2838,0,0,31.9172,1,1,0,0,0,1,1,0,0,0,0,1649,0,1,36.976,1,1,0,0,0,1,1,0,0,0,0
797,97,499.252,0,1,1,3536,0,0,31.1402,1,1,0,0,0,1,1,0,0,0,0,2165,0,1,17.6261,1,1,0,0,0,1,1,0,0,0,0
798,97,1002.68,0,1,1,6724,0,0,53.4193,1,1,0,0,0,1,1,0,0,0,0,4559,0,1,22.7253,1,1,0,0,0,1,1,0,0,0,0
799,97,180.291,0,1,1,7117,0,0,22.234,1,1,0,0,0,1,1,0,0,0,0,4719,0,1,47.8995,1,1,0,0,0,1,1,0,0,0,0
800,97,645.696,0,1,1,7163,0,0,37.65,1,1,0,0,0,1,1,0,0,0,0,5394,0,1,23.159,1,1,0,0,0,1,1,0,0,0,0
801,97,702.878,0,1,1,8018,0,0,28.4954,1,1,0,0,0,1,1,0,0,0,0,6809,0,1,17.1937,1,1,0,0,0,1,1,0,0,0,0
802,97,178.731,0,1,1,8074,0,0,50.2323,1,1,0,0,0,1,1,0,0,0,0,7047,0,1,30.9219,1,1,0,0,0,2,2,0,0,0,0
803,97,329.863,0,1,1,9563,0,0,31.2706,1,1,0,0,0,1,1,0,0,0,0,7588,0,1,53.0146,1,1,0,0,0,1,1,0,0,0,0
