Time, NodeID, NumIndividuals, NumInfected,AvgParasiteDensity,AvgGametocyteDensity,NumInfections,NoMarkers,gm1,gm2,gm3,gm4,gm1-gm2,gm1-gm3,gm1-gm4,gm2-gm3,gm2-gm4,gm3-gm4,gm1-gm2-gm3,gm1-gm2-gm4,gm1-gm3-gm4,gm2-gm3-gm4,gm1-gm2-gm3-gm4
0,340461476,1000,0,0,0,0,0,0,0,0,0,0,0,0,0,0,0,0,0,0,0,0
1,340461476,1000,0,0,0,0,0,0,0,0,0,0,0,0,0,0,0,0,0,0,0,0
2,340461476,1000,0,0,0,0,0,0,0,0,0,0,0,0,0,0,0,0,0,0,0,0
3,340461476,1000,0,0,0,0,0,0,0,0,0,0,0,0,0,0,0,0,0,0,0,0
4,340461476,1000,0,0,0,0,0,0,0,0,0,0,0,0,0,0,0,0,0,0,0,0
5,340461476,1000,0,0,0,0,0,0,0,0,0,0,0,0,0,0,0,0,0,0,0,0
6,340461476,1000,0,0,0,0,0,0,0,0,0,0,0,0,0,0,0,0,0,0,0,0
7,340461476,1000,0,0,0,0,0,0,0,0,0,0,0,0,0,0,0,0,0,0,0,0
8,340461476,1000,0,0,0,0,0,0,0,0,0,0,0,0,0,0,0,0,0,0,0,0
9,340461476,1000,0,0,0,0,0,0,0,0,0,0,0,0,0,0,0,0,0,0,0,0
10,340461476,1000,41,0,0,41,0,11,16,10,4,0,0,0,0,0,0,0,0,0,0,0
11,340461476,1000,41,0,0,41,0,11,16,10,4,0,0,0,0,0,0,0,0,0,0,0
12,340461476,1000,41,0,0,41,0,11,16,10,4,0,0,0,0,0,0,0,0,0,0,0
13,340461476,1000,41,0,0,41,0,11,16,10,4,0,0,0,0,0,0,0,0,0,0,0
14,340461476,1000,41,0,0,41,0,11,16,10,4,0,0,0,0,0,0,0,0,0,0,0
15,340461476,1000,41,0,0,41,0,11,16,10,4,0,0,0,0,0,0,0,0,0,0,0
16,340461476,1000,41,0.00061314,0,41,0,11,16,10,4,0,0,0,0,0,0,0,0,0,0,0
17,340461476,1000,41,0.000612873,0,41,0,11,16,10,4,0,0,0,0,0,0,0,0,0,0,0
18,340461476,1000,41,0.00973261,0,41,0,11,16,10,4,0,0,0,0,0,0,0,0,0,0,0
19,340461476,1000,41,0.00972838,0,41,0,11,16,10,4,0,0,0,0,0,0,0,0,0,0,0
20,340461476,1000,41,0.151396,0,41,0,11,16,10,4,0,0,0,0,0,0,0,0,0,0,0
21,340461476,1000,41,0.151331,0,41,0,11,16,10,4,0,0,0,0,0,0,0,0,0,0,0
22,340461476,1000,41,2.35499,0,41,0,11,16,10,4,0,0,0,0,0,0,0,0,0,0,0
23,340461476,1000,41,2.35397,0,41,0,11,16,10,4,0,0,0,0,0,0,0,0,0,0,0
24,340461476,1000,41,36.6311,0,41,0,11,16,10,4,0,0,0,0,0,0,0,0,0,0,0
25,340461476,1000,41,35.5608,0,41,0,11,16,10,4,0,0,0,0,0,0,0,0,0,0,0
26,340461476,1000,41,510.389,0,41,0,11,16,10,4,0,0,0,0,0,0,0,0,0,0,0
27,340461476,1000,41,338.563,0,41,0,11,16,10,4,0,0,0,0,0,0,0,0,0,0,0
28,340461476,1000,41,2723.72,0,41,0,11,16,10,4,0,0,0,0,0,0,0,0,0,0,0
29,340461476,1000,41,1214.02,0,41,0,11,16,10,4,0,0,0,0,0,0,0,0,0,0,0
30,340461476,1000,41,7194.03,0,41,0,11,16,10,4,0,0,0,0,0,0,0,0,0,0,0
31,340461476,1000,41,2073,0.00307629,41,0,11,16,10,4,0,0,0,0,0,0,0,0,0,0,0
32,340461476,1000,41,8325.74,0.00232939,41,0,11,16,10,4,0,0,0,0,0,0,0,0,0,0,0
33,340461476,1000,41,1856.04,0.0496182,41,0,11,16,10,4,0,0,0,0,0,0,0,0,0,0,0
34,340461476,1000,41,6026.48,0.0376,41,0,11,16,10,4,0,0,0,0,0,0,0,0,0,0,0
35,340461476,1000,41,1093.01,0.77285,41,0,11,16,10,4,0,0,0,0,0,0,0,0,0,0,0
36,340461476,1000,41,2949.53,0.585602,41,0,11,16,10,4,0,0,0,0,0,0,0,0,0,0,0
37,340461476,1000,41,468.714,10.8179,41,0,11,16,10,4,0,0,0,0,0,0,0,0,0,0,0
38,340461476,1000,41,1144.24,8.1973,41,0,11,16,10,4,0,0,0,0,0,0,0,0,0,0,0
39,340461476,1000,41,171.624,61.6097,41,0,11,16,10,4,0,0,0,0,0,0,0,0,0,0,0
40,340461476,1000,41,397.965,46.6875,41,0,11,16,10,4,0,0,0,0,0,0,0,0,0,0,0
41,340461476,1000,41,58.6207,181.773,41,0,11,16,10,4,0,0,0,0,0,0,0,0,0,0,0
42,340461476,1000,41,132.416,137.753,41,0,11,16,10,4,0,0,0,0,0,0,0,0,0,0,0
43,340461476,1000,41,19.207,273.877,41,0,11,16,10,4,0,0,0,0,0,0,0,0,0,0,0
44,340461476,1000,41,42.8133,207.557,41,0,11,16,10,4,0,0,0,0,0,0,0,0,0,0,0
45,340461476,1000,41,6.15089,280.004,41,0,11,16,10,4,0,0,0,0,0,0,0,0,0,0,0
46,340461476,1000,41,13.6199,212.205,41,0,11,16,10,4,0,0,0,0,0,0,0,0,0,0,0
47,340461476,1000,41,1.94726,220.888,41,0,11,16,10,4,0,0,0,0,0,0,0,0,0,0,0
48,340461476,1000,41,4.29716,167.405,41,0,11,16,10,4,0,0,0,0,0,0,0,0,0,0,0
49,340461476,1000,41,0.612837,150.175,41,0,11,16,10,4,0,0,0,0,0,0,0,0,0,0,0
50,340461476,1000,41,1.35033,113.814,41,0,11,16,10,4,0,0,0,0,0,0,0,0,0,0,0
51,340461476,1000,42,0.192341,94.3624,42,0,11,17,10,4,0,0,0,0,0,0,0,0,0,0,0
52,340461476,1000,43,0.423422,71.5151,43,0,12,17,10,4,0,0,0,0,0,0,0,0,0,0,0
53,340461476,1000,43,0.0602751,56.8966,43,0,12,17,10,4,0,0,0,0,0,0,0,0,0,0,0
54,340461476,1000,54,0.132685,43.1208,54,0,16,20,13,5,0,0,0,0,0,0,0,0,0,0,0
55,340461476,1000,54,0.0188742,33.5524,54,0,16,20,13,5,0,0,0,0,0,0,0,0,0,0,0
56,340461476,1000,56,0.0415474,25.4287,56,0,16,22,13,5,0,0,0,0,0,0,0,0,0,0,0
57,340461476,1000,58,0.00591133,19.5493,58,0,17,22,14,5,0,0,0,0,0,0,0,0,0,0,0
58,340461476,1000,59,0.01303,14.816,60,0,18,23,14,5,0,0,0,0,0,0,0,0,0,0,0
59,340461476,1000,60,0.00186801,11.3163,61,0,18,24,14,5,0,0,0,0,0,0,0,0,0,0,0
60,340461476,1000,66,0.00423553,8.57638,67,0,19,27,15,6,0,0,0,0,0,0,0,0,0,0,0
61,340461476,1000,70,0.00103041,6.52739,71,0,20,29,16,6,0,0,0,0,0,0,0,0,0,0,0
62,340461476,1000,79,0.00381228,4.94698,80,0,22,32,20,6,0,0,0,0,0,0,0,0,0,0,0
63,340461476,1000,88,0.00724684,3.75785,89,0,24,36,23,6,0,0,0,0,0,0,0,0,0,0,0
64,340461476,1000,91,0.0399582,2.84801,92,0,26,37,23,6,0,0,0,0,0,0,0,0,0,0,0
65,340461476,1000,102,0.110043,2.16114,104,0,31,42,23,8,0,0,0,0,0,0,0,0,0,0,0
66,340461476,1000,115,0.616232,1.63791,118,0,35,47,28,8,0,0,0,0,0,0,0,0,0,0,0
67,340461476,1000,121,1.71154,1.24218,125,0,38,49,29,9,0,0,0,0,0,0,0,0,0,0,0
68,340461476,1000,126,9.59409,0.941429,132,0,41,51,29,11,0,0,0,0,0,0,0,0,0,0,0
69,340461476,1000,130,25.1896,0.71376,137,0,42,54,30,11,0,0,0,0,0,0,0,0,0,0,0
70,340461476,1000,144,74.9608,0.540951,153,0,45,61,35,12,0,0,0,0,0,0,0,0,0,0,0
71,340461476,1000,150,217.15,0.410067,160,0,47,65,36,12,0,0,0,0,0,0,0,0,0,0,0
72,340461476,1000,155,295.106,0.310778,167,0,47,68,39,13,0,0,0,0,0,0,0,0,0,0,0
73,340461476,1000,171,959.766,0.235604,186,0,51,77,41,17,0,0,0,0,0,0,0,0,0,0,0
74,340461476,1000,175,630.904,0.178591,190,0,52,79,42,17,0,0,0,0,0,0,0,0,0,0,0
75,340461476,1000,187,2271.94,0.13607,206,0,55,86,46,19,0,0,0,0,0,0,0,0,0,0,0
76,340461476,1000,205,1009.04,0.10465,228,0,62,94,50,22,0,0,0,0,0,0,0,0,0,0,0
77,340461476,1000,216,2996.2,0.0903384,240,0,65,98,55,22,0,0,0,0,0,0,0,0,0,0,0
78,340461476,1000,223,1399.63,0.0901254,248,0,65,102,58,23,0,0,0,0,0,0,0,0,0,0,0
79,340461476,1000,238,3278.95,0.239261,269,0,68,113,61,27,0,0,0,0,0,0,0,0,0,0,0
80,340461476,1000,236,1927.85,0.543747,269,0,70,116,57,26,0,0,0,0,0,0,0,0,0,0,0
81,340461476,1000,247,3841.64,1.59504,285,0,74,120,63,28,0,0,0,0,0,0,0,0,0,0,0
82,340461476,1000,254,3078.35,5.06481,298,0,77,122,69,30,0,0,0,0,0,0,0,0,0,0,0
83,340461476,1000,263,4919.66,7.51596,312,0,84,123,74,31,0,0,0,0,0,0,0,0,0,0,0
84,340461476,1000,261,4876.65,24.0944,312,0,81,122,77,32,0,0,0,0,0,0,0,0,0,0,0
85,340461476,1000,270,6078.71,23.4178,325,0,83,131,79,32,0,0,0,0,0,0,0,0,0,0,0
86,340461476,1000,276,6503.25,62.5918,333,0,86,134,82,31,0,0,0,0,0,0,0,0,0,0,0
87,340461476,1000,279,7079.77,54.5308,343,0,87,140,83,33,0,0,0,0,0,0,0,0,0,0,0
88,340461476,1000,283,7140.45,100.03,353,0,89,147,83,34,0,0,0,0,0,0,0,0,0,0,0
89,340461476,1000,288,7499.79,89.1085,358,0,91,147,86,34,0,0,0,0,0,0,0,0,0,0,0
90,340461476,1000,298,7002.15,129.99,368,0,92,153,88,35,0,0,0,0,0,0,0,0,0,0,0
91,340461476,1000,302,7858.79,121.562,373,0,94,154,90,35,0,0,0,0,0,0,0,0,0,0,0
92,340461476,1000,304,7320.47,162.527,376,0,95,154,92,35,0,0,0,0,0,0,0,0,0,0,0
93,340461476,1000,305,8006.31,166.624,377,0,95,154,93,35,0,0,0,0,0,0,0,0,0,0,0
94,340461476,1000,308,8568.06,211.772,381,0,95,156,95,35,0,0,0,0,0,0,0,0,0,0,0
95,340461476,1000,308,8555.26,236.491,382,0,95,156,95,36,0,0,0,0,0,0,0,0,0,0,0
96,340461476,1000,312,10178.5,280.164,388,0,95,158,99,36,0,0,0,0,0,0,0,0,0,0,0
97,340461476,1000,314,10063.2,317.659,391,0,95,159,101,36,0,0,0,0,0,0,0,0,0,0,0
98,340461476,1000,316,11615.7,356.779,394,0,97,160,101,36,0,0,0,0,0,0,0,0,0,0,0
99,340461476,1000,319,11080,385.893,399,0,97,161,105,36,0,0,0,0,0,0,0,0,0,0,0
100,340461476,1000,319,12581.2,416.868,400,0,97,161,106,36,0,0,0,0,0,0,0,0,0,0,0
101,340461476,1000,319,11796.2,426.334,400,0,97,161,106,36,0,0,0,0,0,0,0,0,0,0,0
102,340461476,1000,321,12933.6,455.549,404,0,97,162,109,36,0,0,0,0,0,0,0,0,0,0,0
103,340461476,1000,321,12359.2,461.277,405,0,97,163,109,36,0,0,0,0,0,0,0,0,0,0,0
104,340461476,1000,323,12519.3,481.023,408,0,100,163,109,36,0,0,0,0,0,0,0,0,0,0,0
105,340461476,1000,327,11733.6,506.215,414,0,101,166,111,36,0,0,0,0,0,0,0,0,0,0,0
106,340461476,1000,327,11255,518.79,417,0,102,168,111,36,0,0,0,0,0,0,0,0,0,0,0
107,340461476,1000,333,10286,564.223,424,0,103,174,111,36,0,0,0,0,0,0,0,0,0,0,0
108,340461476,1000,342,9618.65,586.882,435,0,104,176,119,36,0,0,0,0,0,0,0,0,0,0,0
109,340461476,1000,343,8834.37,639.255,441,0,106,178,121,36,0,0,0,0,0,0,0,0,0,0,0
110,340461476,1000,353,7862.42,659.175,454,0,113,182,122,37,0,0,0,0,0,0,0,0,0,0,0
111,340461476,1000,359,7738.58,710.811,463,0,114,186,126,37,0,0,0,0,0,0,0,0,0,0,0
112,340461476,1000,369,6093.73,725.141,477,0,120,190,130,37,0,0,0,0,0,0,0,0,0,0,0
113,340461476,1000,379,6131.82,764.691,495,0,129,197,132,37,0,0,0,0,0,0,0,0,0,0,0
114,340461476,1000,396,4216.49,778.593,523,0,135,211,138,39,0,0,0,0,0,0,0,0,0,0,0
115,340461476,1000,414,4620.46,795.653,553,0,139,229,146,39,0,0,0,0,0,0,0,0,0,0,0
116,340461476,1000,425,2861.82,792.659,577,0,151,237,149,40,0,0,0,0,0,0,0,0,0,0,0
117,340461476,1000,442,3811.17,785.369,599,0,156,248,153,42,0,0,0,0,0,0,0,0,0,0,0
118,340461476,1000,467,2272.98,761.963,643,0,170,273,158,42,0,0,0,0,0,0,0,0,0,0,0
119,340461476,1000,479,3314.86,734.832,672,0,176,286,166,44,0,0,0,0,0,0,0,0,0,0,0
120,340461476,1000,501,2215.88,701.332,715,1,186,308,174,46,0,0,0,0,0,0,0,0,0,0,0
121,340461476,1000,528,2697.24,657.527,767,1,202,330,184,49,0,0,1,0,0,0,0,0,0,0,0
122,340461476,1000,553,2057.23,628.44,819,1,222,356,186,53,0,0,1,0,0,0,0,0,0,0,0
123,340461476,1000,571,2320.95,570.829,865,1,237,371,201,54,0,0,1,0,0,0,0,0,0,0,0
124,340461476,1000,593,2007.83,538.08,917,1,254,395,209,57,0,0,1,0,0,0,0,0,0,0,0
125,340461476,1000,621,2387.55,470.677,981,1,267,433,213,66,0,0,1,0,0,0,0,0,0,0,0
126,340461476,1000,648,2628.17,438.352,1059,1,285,470,231,71,0,0,1,0,0,0,0,0,0,0,0
127,340461476,1000,661,3269.55,371.956,1098,1,291,488,241,76,0,0,1,0,0,0,0,0,0,0,0
128,340461476,1000,691,3871.24,351.198,1187,1,306,532,255,90,0,0,1,0,0,2,0,0,0,0,0
129,340461476,1000,711,4931.11,296.35,1239,1,319,562,262,92,0,0,1,0,0,2,0,0,0,0,0
130,340461476,1000,727,5287.7,284.586,1305,1,341,594,268,98,0,0,1,0,0,2,0,0,0,0,0
131,340461476,1000,759,7299.8,247.508,1403,3,353,647,286,107,0,0,1,0,0,6,0,0,0,0,0
132,340461476,1000,775,7418.99,234.406,1479,3,369,682,307,111,0,0,1,0,0,6,0,0,0,0,0
133,340461476,1000,798,10335.5,209.059,1547,3,385,707,329,115,1,0,1,0,0,6,0,0,0,0,0
134,340461476,1000,823,10854.2,198.046,1628,3,404,741,346,126,1,0,1,0,0,6,0,0,0,0,0
135,340461476,1000,834,14223,181.308,1697,3,421,773,360,131,1,0,1,1,0,6,0,0,0,0,0
136,340461476,1000,843,14605.9,177.279,1751,7,431,792,373,139,1,0,1,1,0,6,0,0,0,0,0
137,340461476,1000,861,17765.2,176.807,1854,8,447,838,405,146,1,0,1,1,0,7,0,0,0,0,0
138,340461476,1000,873,17509.1,187.483,1923,8,462,876,419,148,1,0,1,1,0,7,0,0,0,0,0
139,340461476,1000,878,21787.4,204.347,1988,10,480,900,436,152,1,0,1,1,0,7,0,0,0,0,0
140,340461476,1000,883,20921.3,237.364,2062,10,494,930,460,158,1,0,1,1,0,7,0,0,0,0,0
141,340461476,1000,889,26439.8,262.054,2113,11,503,957,474,157,1,0,1,2,0,7,0,0,0,0,0
142,340461476,1000,896,25852,323.16,2175,11,523,981,488,161,1,0,1,2,0,7,0,0,0,0,0
143,340461476,1000,905,30879.5,358.875,2244,12,538,1008,510,165,1,0,1,2,0,7,0,0,0,0,0
144,340461476,1000,910,30146.7,448.084,2280,12,541,1022,526,165,1,0,1,3,0,9,0,0,0,0,0
145,340461476,1000,919,34583.5,508.732,2329,13,545,1049,536,171,1,0,1,4,0,9,0,0,0,0,0
146,340461476,1000,924,33605.3,624.607,2380,13,550,1075,557,170,1,0,1,4,0,9,0,0,0,0,0
147,340461476,1000,929,38936.1,703.706,2433,13,566,1097,572,169,2,0,1,4,0,9,0,0,0,0,0
148,340461476,1000,929,36022.9,831.564,2465,13,571,1112,579,173,2,0,1,5,0,9,0,0,0,0,0
149,340461476,1000,930,43153,903.72,2515,13,582,1135,590,178,2,0,1,5,0,9,0,0,0,0,0
150,340461476,1000,934,39354.9,1054.2,2558,15,590,1147,611,177,2,0,1,5,0,10,0,0,0,0,0
151,340461476,1000,941,45318.8,1123.04,2593,15,594,1160,624,181,2,0,1,6,0,10,0,0,0,0,0
152,340461476,1000,949,43893.3,1299.06,2647,15,605,1182,644,179,2,0,1,9,0,10,0,0,0,0,0
153,340461476,1000,951,46171.5,1389.69,2680,15,610,1198,656,178,2,0,1,9,0,11,0,0,0,0,0
154,340461476,1000,953,47009.1,1571.13,2706,15,615,1215,663,175,2,0,1,9,0,11,0,0,0,0,0
155,340461476,1000,952,45561.6,1667.66,2729,15,617,1220,674,180,2,0,1,9,0,11,0,0,0,0,0
156,340461476,1000,952,47915.1,1841.34,2744,16,622,1223,680,180,2,0,1,9,0,11,0,0,0,0,0
157,340461476,1000,953,42738.3,1926.18,2785,16,625,1245,689,187,2,0,1,9,0,11,0,0,0,0,0
158,340461476,1000,954,46823,2116.26,2828,17,636,1256,705,191,2,0,1,9,0,11,0,0,0,0,0
159,340461476,1000,956,40287.6,2162.58,2852,18,639,1266,715,190,2,0,1,9,0,12,0,0,0,0,0
160,340461476,1000,958,43190.8,2372.26,2887,19,644,1276,731,193,2,0,1,9,0,12,0,0,0,0,0
161,340461476,1000,958,38869.3,2410.8,2934,21,655,1298,741,195,2,0,1,9,0,12,0,0,0,0,0
162,340461476,1000,960,39407.5,2585.34,2959,22,659,1317,742,195,2,0,1,9,0,12,0,0,0,0,0
163,340461476,1000,959,37144.7,2663.1,3010,23,673,1339,757,194,2,0,1,9,0,12,0,0,0,0,0
164,340461476,1000,961,36701.2,2772.8,3052,23,681,1361,767,196,2,0,1,9,0,12,0,0,0,0,0
165,340461476,1000,962,33829.4,2871.54,3081,25,691,1372,771,198,2,0,1,9,0,12,0,0,0,0,0
166,340461476,1000,963,33909.4,2905.7,3123,25,701,1396,779,198,2,0,1,9,0,12,0,0,0,0,0
167,340461476,1000,964,30393.1,3001.07,3170,26,715,1416,786,203,2,0,1,9,0,12,0,0,0,0,0
168,340461476,1000,964,31415.6,2943.18,3196,27,719,1431,792,203,2,0,1,9,0,12,0,0,0,0,0
169,340461476,1000,965,28051.2,3022.05,3248,29,726,1458,808,203,2,0,1,9,0,12,0,0,0,0,0
170,340461476,1000,967,29687.4,2918.79,3311,30,744,1491,816,205,3,0,1,9,0,12,0,0,0,0,0
171,340461476,1000,969,27298.1,2934.8,3361,32,749,1523,825,205,4,1,1,9,0,12,0,0,0,0,0
172,340461476,1000,972,27500.1,2843.39,3422,33,767,1549,839,206,5,1,1,9,0,12,0,0,0,0,0
173,340461476,1000,972,26177.1,2803.22,3476,35,774,1577,854,208,5,1,1,9,0,12,0,0,0,0,0
174,340461476,1000,973,24523.1,2724.48,3523,35,787,1603,860,210,5,1,1,9,0,12,0,0,0,0,0
175,340461476,1000,975,23251.9,2667.41,3557,35,800,1618,866,210,5,1,1,9,0,12,0,0,0,0,0
176,340461476,1000,977,21927.4,2563.38,3602,40,808,1634,877,214,5,2,1,9,0,12,0,0,0,0,0
177,340461476,1000,981,19850.7,2504.68,3644,40,811,1660,884,216,7,2,2,9,0,13,0,0,0,0,0
178,340461476,1000,982,20027.3,2380.92,3660,41,817,1666,886,217,7,2,2,9,0,13,0,0,0,0,0
179,340461476,1000,984,17955.2,2328.41,3739,44,836,1704,902,218,7,3,2,10,0,13,0,0,0,0,0
180,340461476,1000,985,18793.4,2207.21,3759,45,840,1717,901,219,9,3,2,10,0,13,0,0,0,0,0
181,340461476,1000,984,17174.9,2166.68,3798,45,850,1734,909,219,10,5,3,10,0,13,0,0,0,0,0
182,340461476,1000,986,19099.3,2078.12,3857,47,856,1765,919,226,11,5,3,10,0,15,0,0,0,0,0
183,340461476,1000,987,16946.8,2024.7,3868,47,859,1764,922,231,11,5,3,11,0,15,0,0,0,0,0
184,340461476,1000,989,19943.9,1960.7,3914,48,870,1788,930,232,11,5,3,11,1,15,0,0,0,0,0
185,340461476,1000,989,16841.6,1882.78,3936,52,869,1800,933,231,14,5,3,11,3,15,0,0,0,0,0
186,340461476,1000,992,19891.8,1805.47,3972,56,868,1816,940,238,14,5,3,11,5,16,0,0,0,0,0
187,340461476,1000,993,17104.8,1726.67,3988,61,862,1825,947,238,15,5,3,11,5,16,0,0,0,0,0
188,340461476,1000,994,19655.8,1625.83,4026,64,867,1847,952,240,15,5,3,12,5,16,0,0,0,0,0
189,340461476,1000,995,17713.6,1564.77,4071,69,874,1860,964,242,16,6,3,15,6,16,0,0,0,0,0
190,340461476,1000,995,20131.8,1470.05,4051,70,865,1854,960,240,16,7,2,15,6,16,0,0,0,0,0
191,340461476,1000,997,20113.5,1426.6,4095,81,870,1870,967,241,20,7,2,15,6,16,0,0,0,0,0
192,340461476,1000,995,21091.7,1351.67,4115,82,871,1870,975,247,21,8,2,17,6,16,0,0,0,0,0
193,340461476,1000,995,22428.1,1345.64,4077,82,862,1849,969,244,22,8,2,17,6,16,0,0,0,0,0
194,340461476,1000,996,21215.8,1280.68,4130,88,869,1873,979,247,23,8,2,18,7,16,0,0,0,0,0
195,340461476,1000,997,22152.1,1311.56,4134,89,860,1882,978,247,24,8,2,19,9,16,0,0,0,0,0
196,340461476,1000,998,20508.7,1250.01,4091,92,851,1860,969,241,25,8,2,19,9,15,0,0,0,0,0
197,340461476,1000,997,19379.9,1286.56,4105,95,854,1860,972,245,27,8,2,19,9,14,0,0,0,0,0
198,340461476,1000,997,19924.8,1238.33,4096,98,853,1838,977,249,27,8,2,22,9,13,0,0,0,0,0
199,340461476,1000,996,17011.6,1270.74,4050,99,844,1816,968,241,27,8,2,24,9,12,0,0,0,0,0
200,340461476,1000,996,20753.4,1239.22,4037,103,844,1800,967,241,28,9,2,23,9,11,0,0,0,0,0
201,340461476,1000,996,17042.5,1273.71,4031,102,844,1789,976,236,28,9,2,25,9,11,0,0,0,0,0
202,340461476,1000,997,20731.8,1288.77,4003,104,838,1768,973,234,28,10,2,25,9,12,0,0,0,0,0
203,340461476,1000,997,18577.3,1317.5,3985,106,830,1758,970,233,29,10,2,26,9,12,0,0,0,0,0
204,340461476,1000,997,19054.8,1368.43,3985,107,832,1767,958,233,29,10,2,26,9,12,0,0,0,0,0
205,340461476,1000,997,19740,1373.64,3969,111,827,1753,959,228,30,11,2,27,9,12,0,0,0,0,0
206,340461476,1000,997,17831.1,1407.15,3951,113,816,1750,944,233,31,11,2,30,9,12,0,0,0,0,0
207,340461476,1000,996,20266.4,1396.86,3951,115,812,1757,938,231,31,12,2,32,9,11,0,0,1,0,0
208,340461476,1000,996,18053,1369.34,3923,116,800,1737,940,226,32,15,3,33,9,11,0,0,1,0,0
209,340461476,1000,997,19719.5,1371.9,3971,122,801,1762,949,228,33,15,3,36,10,11,0,0,1,0,0
210,340461476,1000,997,19570.3,1298.17,3992,127,803,1763,953,229,36,15,3,39,10,13,0,0,1,0,0
211,340461476,1000,995,18549.4,1342.62,3984,127,793,1768,947,229,38,15,3,38,10,15,0,0,1,0,0
212,340461476,1000,995,20537.2,1271.95,4017,129,794,1781,958,232,38,15,3,41,10,15,0,0,1,0,0
213,340461476,1000,994,17839.4,1317.2,4037,131,796,1780,964,239,38,16,3,41,11,17,0,0,1,0,0
214,340461476,1000,995,19287.4,1291.58,4032,134,793,1773,959,241,38,17,3,42,11,20,0,0,1,0,0
215,340461476,1000,995,17443.5,1286.9,4085,142,804,1789,968,246,38,17,3,43,13,21,0,0,1,0,0
216,340461476,1000,995,17988.5,1303.57,4099,145,810,1794,968,243,38,19,3,44,13,21,0,0,1,0,0
217,340461476,1000,995,16471.4,1264.39,4092,146,809,1797,952,248,39,20,3,43,13,21,0,0,1,0,0
218,340461476,1000,995,17614.5,1300.15,4127,150,816,1800,961,253,39,21,3,45,15,23,0,0,1,0,0
219,340461476,1000,997,15902.5,1267.03,4123,152,816,1802,954,251,39,22,3,44,16,23,0,0,1,0,0
220,340461476,1000,998,16861.5,1285.16,4144,156,815,1817,952,252,39,24,3,45,16,24,0,0,1,0,0
221,340461476,1000,998,15443.9,1293.14,4182,160,815,1837,959,258,40,24,3,44,16,25,0,0,1,0,0
222,340461476,1000,998,15251.1,1271.24,4204,167,815,1846,965,256,41,24,3,45,16,25,0,0,1,0,0
223,340461476,1000,998,14966.7,1309.73,4203,165,807,1851,962,258,45,25,3,45,16,25,0,0,1,0,0
224,340461476,1000,998,13985.9,1269.18,4206,168,806,1859,958,256,45,25,3,45,16,24,0,0,1,0,0
225,340461476,1000,998,15194.7,1283.62,4224,167,804,1872,965,254,45,26,3,47,16,24,0,0,1,0,0
226,340461476,1000,998,14188.1,1249.72,4227,169,807,1868,966,252,46,26,3,49,16,24,0,0,1,0,0
227,340461476,1000,998,15162.1,1244.09,4258,173,816,1879,972,250,48,26,4,49,16,24,0,0,1,0,0
228,340461476,1000,998,15914.3,1202.74,4284,176,821,1885,982,246,51,26,4,53,16,23,0,0,1,0,0
229,340461476,1000,999,15276.6,1205.03,4279,178,823,1875,984,246,51,25,4,53,16,23,0,0,1,0,0
230,340461476,1000,999,17327.9,1162.54,4277,184,821,1864,983,248,52,25,4,56,16,23,0,0,1,0,0
231,340461476,1000,999,15804,1160.68,4326,186,828,1881,1000,251,52,25,4,58,17,23,0,0,1,0,0
232,340461476,1000,999,16831.9,1125.57,4311,187,820,1876,997,251,52,25,4,58,17,23,0,0,1,0,0
233,340461476,1000,999,15921.8,1100.18,4314,187,820,1884,993,250,52,25,4,58,17,23,0,0,1,0,0
234,340461476,1000,998,15564.1,1078.86,4345,186,831,1898,996,253,53,25,4,58,17,23,0,0,1,0,0
235,340461476,1000,998,15333.4,1037.61,4370,193,828,1913,1001,251,56,25,4,58,17,23,0,0,1,0,0
236,340461476,1000,998,14772.9,1039.41,4349,192,821,1906,994,250,58,25,4,58,17,23,0,0,1,0,0
237,340461476,1000,997,14730.6,1011.19,4344,194,815,1901,993,250,58,29,4,58,18,23,0,0,1,0,0
238,340461476,1000,997,13936.1,1012.75,4366,200,818,1911,994,252,59,27,5,58,18,23,0,0,1,0,0
239,340461476,1000,997,14245.1,1029.09,4330,201,811,1895,985,249,58,27,5,58,18,22,0,0,1,0,0
240,340461476,1000,997,13181.2,1018.73,4321,199,812,1891,986,246,57,27,5,58,17,22,0,0,1,0,0
241,340461476,1000,997,14066.1,1062.36,4320,204,807,1895,980,244,59,27,5,60,17,21,0,0,1,0,0
242,340461476,1000,997,12723.1,1052.54,4315,203,800,1889,988,244,59,26,6,60,18,21,0,0,1,0,0
243,340461476,1000,996,13226,1075.31,4286,207,800,1869,980,240,59,26,6,60,17,21,0,0,1,0,0
244,340461476,1000,996,11622.7,1070.75,4283,209,793,1872,981,240,59,26,6,59,17,20,0,0,1,0,0
245,340461476,1000,997,11190.7,1062.78,4298,212,789,1871,987,245,60,28,8,59,18,20,0,0,1,0,0
246,340461476,1000,997,10058.5,1054.78,4250,213,770,1857,974,243,60,27,8,60,17,20,0,0,1,0,0
247,340461476,1000,998,9408.88,1036.95,4272,219,774,1859,983,242,59,28,8,61,18,20,0,0,1,0,0
248,340461476,1000,999,8973.74,1025.59,4267,221,771,1857,971,246,62,28,8,64,18,20,0,0,1,0,0
249,340461476,1000,999,8593.48,999.596,4230,223,763,1839,963,242,62,27,8,64,18,20,0,0,1,0,0
250,340461476,1000,1000,8597.13,992.258,4258,228,767,1854,961,243,65,27,7,64,20,21,0,0,1,0,0
251,340461476,1000,1000,8165,959.572,4241,227,755,1854,953,244,65,27,7,67,20,21,0,0,1,0,0
252,340461476,1000,1000,8326.09,960.851,4198,224,748,1834,945,243,63,27,6,66,20,21,0,0,1,0,0
253,340461476,1000,1000,7933.02,927.591,4213,225,751,1841,941,248,63,29,6,68,20,20,0,0,1,0,0
254,340461476,1000,999,7908.16,922.146,4187,222,747,1832,933,246,60,28,6,72,20,20,0,0,1,0,0
255,340461476,1000,999,8006.32,882.901,4138,222,742,1805,921,239,60,28,6,74,20,20,0,0,1,0,0
256,340461476,1000,999,7575.74,851.683,4118,223,730,1799,923,233,61,29,6,74,19,20,0,0,1,0,0
257,340461476,1000,999,7448.95,806.896,4118,223,729,1793,924,236,65,30,7,74,17,19,0,0,1,0,0
258,340461476,1000,999,7266.23,763.305,4092,227,715,1782,918,237,65,32,7,72,17,19,0,0,1,0,0
259,340461476,1000,999,7030.12,723.79,4078,224,704,1781,920,238,65,32,7,70,17,19,0,0,1,0,0
260,340461476,1000,998,6678.65,686.215,4098,229,708,1785,916,239,65,33,7,77,17,20,0,0,2,0,0
261,340461476,1000,998,6561.67,660.158,4070,229,701,1778,904,236,65,32,7,79,17,20,0,0,2,0,0
262,340461476,1000,998,6169.1,629.755,4054,231,700,1760,902,238,66,32,7,80,16,20,0,0,2,0,0
263,340461476,1000,998,6123.46,613.376,4076,239,710,1757,908,235,66,34,8,81,16,20,0,0,2,0,0
264,340461476,1000,997,5942.88,591.547,4032,241,704,1733,900,225,69,33,8,81,16,20,0,0,2,0,0
265,340461476,1000,996,5726.25,575.706,4010,240,696,1724,891,229,68,35,8,80,16,21,0,0,2,0,0
266,340461476,1000,996,6349.31,566.781,3988,244,684,1708,891,235,66,35,8,80,15,20,0,0,2,0,0
267,340461476,1000,996,5698.88,550.653,3953,242,676,1695,883,234,64,35,7,80,15,20,0,0,2,0,0
268,340461476,1000,996,6743.06,537.501,3929,245,670,1685,877,229,63,37,7,82,14,18,0,0,2,0,0
269,340461476,1000,996,6216.19,524.923,3915,256,668,1677,866,222,65,38,7,81,15,18,0,0,2,0,0
270,340461476,1000,996,6355.65,511.074,3856,253,653,1649,855,224,65,38,8,79,15,15,0,0,2,0,0
271,340461476,1000,996,6322.08,494.283,3832,251,645,1649,849,217,66,37,8,78,16,14,0,0,2,0,0
272,340461476,1000,996,5945.21,481.145,3802,250,640,1638,839,215,67,36,8,77,16,14,0,0,2,0,0
273,340461476,1000,996,5805.71,462.805,3758,249,634,1611,831,213,68,36,8,76,16,14,0,0,2,0,0
274,340461476,1000,995,5829.07,450.287,3782,252,637,1618,828,218,69,36,8,79,17,17,0,0,2,1,0
275,340461476,1000,995,5472.54,437.075,3816,258,641,1637,826,218,72,36,8,81,18,18,0,0,2,1,0
276,340461476,1000,994,5656.25,421.507,3794,263,632,1624,824,214,75,34,8,80,20,18,0,0,1,1,0
277,340461476,1000,993,5449.12,425.615,3763,262,626,1617,814,211,76,32,8,79,19,17,0,0,1,1,0
278,340461476,1000,989,5551.62,409.351,3758,262,625,1616,813,208,78,32,8,78,18,18,0,0,1,1,0
279,340461476,1000,990,5714.83,423.61,3754,263,628,1616,801,209,81,28,8,77,22,19,0,0,1,1,0
280,340461476,1000,989,5432.96,418.96,3730,270,620,1610,783,209,82,29,8,77,21,19,0,0,1,1,0
281,340461476,1000,987,6092.51,419.999,3719,273,619,1613,772,204,83,28,8,76,22,19,0,0,1,1,0
282,340461476,1000,986,5526.97,421.599,3695,275,616,1601,761,200,85,29,8,75,22,21,0,0,1,1,0
283,340461476,1000,987,5948.53,414.029,3700,281,608,1607,762,200,85,29,10,74,21,21,0,0,1,1,0
284,340461476,1000,988,5567.78,407.53,3714,288,602,1614,763,201,88,29,9,75,21,22,0,0,1,1,0
285,340461476,1000,988,5374.8,403.903,3671,282,590,1604,748,200,88,30,9,74,22,22,0,0,1,1,0
286,340461476,1000,987,5171.85,392.742,3714,284,599,1624,749,204,91,32,9,76,21,23,0,0,1,1,0
287,340461476,1000,988,4821.91,390.248,3734,285,608,1636,748,204,93,32,9,74,21,22,0,0,1,1,0
288,340461476,1000,987,4722.66,382.84,3683,284,594,1614,735,203,93,31,9,75,21,22,0,0,1,1,0
289,340461476,1000,990,4420.31,379.248,3743,289,592,1642,748,208,97,34,9,78,21,23,0,0,1,1,0
290,340461476,1000,991,4377.83,380.619,3814,295,616,1657,765,212,96,36,9,82,21,23,0,0,1,1,0
291,340461476,1000,991,4028.09,373.179,3787,295,607,1647,759,209,96,37,9,82,21,23,0,0,1,1,0
292,340461476,1000,992,4071.74,384.57,3830,301,608,1671,767,212,99,36,9,82,21,22,0,0,1,1,0
293,340461476,1000,992,3850.21,377.018,3839,308,607,1677,766,208,98,37,8,84,22,22,0,0,1,1,0
294,340461476,1000,994,4066.71,383.736,3831,306,598,1677,771,206,98,36,8,85,22,22,0,0,1,1,0
295,340461476,1000,993,4353.36,379.527,3862,307,602,1681,787,207,100,37,8,87,22,22,0,0,1,1,0
296,340461476,1000,992,4496.96,373.87,3878,311,606,1673,798,207,101,38,8,89,23,22,0,0,1,1,0
297,340461476,1000,991,4821.07,367.042,3863,311,606,1655,798,206,101,38,8,91,25,22,0,0,1,1,0
298,340461476,1000,991,4847.14,355.24,3876,314,603,1651,804,209,104,38,8,94,25,24,0,0,1,1,0
299,340461476,1000,992,4926.06,345.778,3903,321,608,1654,813,207,109,39,8,92,26,24,0,0,1,1,0
300,340461476,1000,993,5021.01,332.704,3911,324,598,1660,822,209,108,39,7,92,26,24,0,0,1,1,0
301,340461476,1000,993,4782.08,323.224,3916,325,595,1655,825,212,111,40,7,93,26,24,0,0,1,2,0
302,340461476,1000,993,5153.37,308.735,3935,328,603,1663,825,209,116,39,6,94,25,24,0,0,1,2,0
303,340461476,1000,995,4628.69,300.59,3951,329,604,1675,821,213,120,39,6,93,24,24,0,0,1,2,0
304,340461476,1000,995,5563.39,288.685,3954,327,600,1679,822,213,121,40,6,95,24,24,0,0,1,2,0
305,340461476,1000,997,4980.32,284.389,3975,329,599,1682,832,212,124,41,7,96,25,24,1,0,1,2,0
306,340461476,1000,997,5838.53,286.079,3997,335,599,1689,838,214,125,40,7,97,25,24,1,0,1,2,0
307,340461476,1000,997,5625.69,288.294,3991,335,591,1688,837,215,126,42,6,99,24,24,1,0,1,2,0
308,340461476,1000,998,5920.13,296.64,4020,336,597,1702,842,219,126,42,6,98,24,24,1,0,1,2,0
309,340461476,1000,997,5903.87,302.299,4043,345,593,1715,850,216,127,42,6,98,24,23,1,0,1,2,0
310,340461476,1000,997,5901.39,308.188,4041,343,597,1711,844,216,128,43,6,102,24,23,1,0,1,2,0
311,340461476,1000,997,5971.2,315.105,4072,345,596,1725,843,222,131,45,6,107,25,23,1,0,1,2,0
312,340461476,1000,998,5416.1,314.233,4085,351,598,1728,843,221,131,46,6,109,25,23,1,0,1,2,0
313,340461476,1000,998,5374.7,323.695,4069,351,595,1701,849,225,135,47,6,108,25,23,1,0,1,2,0
314,340461476,1000,999,4893.37,315.932,4069,356,589,1700,846,225,136,46,6,112,26,23,1,0,1,2,0
315,340461476,1000,999,4458.58,333.473,4063,356,593,1705,833,227,134,47,6,110,26,22,1,0,1,2,0
316,340461476,1000,999,4565.42,328.66,4061,353,592,1705,831,224,139,48,5,110,27,23,1,0,1,2,0
317,340461476,1000,999,3976.2,345.98,4061,349,596,1691,846,226,139,48,5,108,27,23,1,0,0,2,0
318,340461476,1000,999,4105.08,351.284,4064,351,603,1691,844,225,138,48,5,106,27,23,1,0,0,2,0
319,340461476,1000,999,3755.37,361.945,4060,358,601,1687,839,226,135,49,6,106,27,23,1,0,0,2,0
320,340461476,1000,1000,3673.37,369.292,4056,360,591,1690,842,221,134,48,7,108,29,23,1,0,0,2,0
321,340461476,1000,999,3460.46,374.132,4053,365,591,1689,839,220,131,48,8,108,28,23,1,0,0,2,0
322,340461476,1000,999,3458.8,381.104,4040,364,591,1679,838,217,131,48,9,108,29,23,1,0,0,2,0
323,340461476,1000,999,3145.75,373.784,4034,361,596,1674,839,213,131,48,9,108,29,23,1,0,0,2,0
324,340461476,1000,999,3381.19,371.158,4021,362,600,1669,828,207,133,48,9,110,29,23,1,0,0,2,0
325,340461476,1000,999,2848.63,359.74,4030,362,594,1677,835,203,135,48,8,111,30,24,1,0,0,2,0
326,340461476,1000,1000,3228.8,342.683,4033,365,590,1676,831,210,140,46,8,113,29,22,1,0,0,2,0
327,340461476,1000,1000,2921.25,335.197,4039,360,593,1686,833,206,140,45,8,113,30,22,1,0,0,2,0
328,340461476,1000,1000,3032.68,315.38,4040,365,594,1685,831,203,142,46,8,110,30,23,1,0,0,2,0
329,340461476,1000,1000,3244.19,306.117,4055,361,601,1695,824,203,146,47,9,111,30,25,1,0,0,2,0
330,340461476,1000,1000,2848,291.459,4039,359,594,1692,818,207,146,47,8,111,31,23,1,0,0,2,0
331,340461476,1000,1000,3246.72,279.911,4039,357,594,1691,828,206,145,46,8,109,30,22,1,0,0,2,0
332,340461476,1000,1000,2779.57,267.124,4026,356,590,1687,829,205,144,45,8,109,28,22,1,0,0,2,0
333,340461476,1000,1000,2992.6,258.751,4011,355,586,1688,821,205,144,44,8,108,28,21,1,0,0,2,0
334,340461476,1000,999,2905.29,244.812,3991,352,578,1676,822,206,145,44,8,106,29,22,1,0,0,2,0
335,340461476,1000,999,2735.25,241.972,3986,357,577,1673,814,206,145,44,8,107,29,23,1,0,0,2,0
336,340461476,1000,997,2893.64,226.229,3974,361,578,1658,811,207,146,44,8,106,29,22,1,0,0,3,0
337,340461476,1000,997,2617.15,225.378,3954,355,580,1651,806,205,144,43,8,105,32,21,1,0,0,3,0
338,340461476,1000,997,2618.99,216.279,3937,356,581,1636,807,204,140,43,9,106,29,22,1,0,0,3,0
339,340461476,1000,996,2435.77,212.309,3911,358,575,1623,803,198,140,43,9,107,28,21,1,0,0,5,0
340,340461476,1000,996,2321.74,214.453,3880,355,569,1617,789,195,140,43,11,106,28,21,1,0,0,5,0
341,340461476,1000,996,2339.35,205.626,3861,349,563,1617,783,195,138,43,11,107,29,21,1,0,0,4,0
342,340461476,1000,996,2200.01,210.444,3841,350,561,1594,782,195,141,43,11,109,28,20,1,0,0,6,0
343,340461476,1000,997,2213.93,201.942,3824,359,562,1580,766,193,143,45,12,108,29,20,1,0,0,6,0
344,340461476,1000,998,2139.45,201.946,3822,361,554,1586,764,192,141,46,12,110,30,19,1,0,0,6,0
345,340461476,1000,997,2101.47,199.85,3814,364,552,1580,765,187,140,45,12,111,32,18,1,0,0,7,0
346,340461476,1000,997,2086.5,194.101,3770,365,544,1558,758,184,139,43,12,110,32,17,1,0,0,7,0
347,340461476,1000,997,2128.43,194.473,3733,363,531,1550,749,183,138,42,12,109,32,16,1,0,0,7,0
348,340461476,1000,997,1982.26,188.205,3741,369,535,1546,751,184,137,42,12,110,31,16,1,0,0,7,0
349,340461476,1000,996,2132.3,184.923,3705,368,532,1523,745,183,135,42,12,110,31,16,1,0,0,7,0
350,340461476,1000,994,1953.24,178.7,3697,370,527,1518,744,184,135,44,12,110,29,16,1,0,0,7,0
351,340461476,1000,994,2107.6,172.139,3677,364,517,1515,748,182,135,44,12,108,28,16,1,0,0,7,0
352,340461476,1000,995,1878.06,168.278,3645,357,505,1514,737,182,133,44,12,107,28,18,1,0,0,7,0
353,340461476,1000,993,1989.2,162.003,3609,355,501,1494,735,177,130,42,12,110,28,17,1,0,0,7,0
354,340461476,1000,992,1773.37,158.379,3590,349,503,1486,727,176,132,39,11,111,30,17,2,0,0,7,0
355,340461476,1000,992,2000.49,154.003,3593,349,503,1476,739,177,127,40,11,114,30,18,2,0,0,7,0
356,340461476,1000,992,1724.02,150.237,3573,345,496,1467,742,176,127,40,11,112,30,18,2,0,0,7,0
357,340461476,1000,993,2128.94,147.041,3553,344,497,1465,729,175,124,41,11,112,29,17,2,0,0,7,0
358,340461476,1000,993,1686.98,145.906,3553,353,494,1460,724,176,123,41,11,117,28,17,2,0,0,7,0
359,340461476,1000,994,1964.79,141.457,3523,352,492,1444,718,174,120,42,11,116,28,17,2,0,0,7,0
360,340461476,1000,990,1637.88,142.205,3523,348,492,1442,724,175,118,42,11,117,28,17,2,0,0,7,0
361,340461476,1000,993,1709.4,137.936,3562,352,499,1459,724,179,120,45,11,118,28,17,3,0,0,7,0
362,340461476,1000,993,1586.58,139.202,3524,353,498,1435,714,179,119,45,10,117,27,17,3,0,0,7,0
363,340461476,1000,993,1657.57,134.594,3531,364,498,1425,719,183,120,44,10,114,27,17,3,0,0,7,0
364,340461476,1000,991,1713.87,134.604,3537,365,499,1422,724,183,119,43,10,117,28,17,3,0,0,7,0
365,340461476,1000,992,1775.13,129.245,3523,365,496,1421,723,175,117,45,10,116,28,17,3,0,0,7,0
366,340461476,1000,990,1826.9,131.203,3527,375,498,1411,723,176,121,45,10,114,27,17,3,0,0,7,0
367,340461476,1000,990,1778.84,125.017,3549,381,503,1417,728,176,123,42,10,114,28,17,3,0,0,7,0
368,340461476,1000,989,1721.8,131.076,3529,382,500,1405,729,177,120,40,10,113,28,17,2,0,0,6,0
369,340461476,1000,990,1641.3,124.121,3508,382,497,1391,735,174,117,40,10,111,26,17,2,0,0,6,0
370,340461476,1000,989,1528.44,127.056,3487,385,499,1383,728,171,112,38,10,110,26,17,2,0,0,6,0
371,340461476,1000,987,1547.32,121.198,3471,386,488,1373,730,170,114,38,10,110,26,17,2,1,0,6,0
372,340461476,1000,986,1475.35,119.694,3458,380,487,1366,737,167,111,39,10,110,25,17,2,1,0,6,0
373,340461476,1000,984,1583.83,115.638,3445,379,487,1358,736,166,112,38,10,109,24,17,2,1,0,6,0
374,340461476,1000,986,1566.73,114.058,3459,380,496,1363,736,166,112,38,10,106,26,17,2,1,0,6,0
375,340461476,1000,985,1673.35,113.818,3458,378,500,1355,742,166,114,38,10,103,25,18,2,1,0,6,0
376,340461476,1000,985,1761.8,114.424,3442,380,495,1350,739,164,115,38,9,100,25,18,2,1,0,6,0
377,340461476,1000,987,1733.53,115.987,3486,386,503,1351,756,171,116,42,11,98,25,18,2,1,0,6,0
378,340461476,1000,989,1968.51,116.039,3496,386,501,1352,764,171,115,43,11,100,25,19,2,1,0,6,0
379,340461476,1000,986,1733.38,115.529,3483,384,500,1348,760,169,114,41,11,101,27,19,2,1,0,6,0
380,340461476,1000,986,2064.69,113.804,3492,395,500,1341,759,171,115,43,11,100,28,19,3,1,0,6,0
381,340461476,1000,986,1729.96,110.369,3465,386,499,1333,761,168,112,42,11,95,28,19,4,1,0,6,0
382,340461476,1000,986,2059.59,108.693,3472,388,503,1325,762,173,111,45,12,95,27,20,4,1,0,6,0
383,340461476,1000,986,1838.29,105.497,3504,393,509,1342,765,172,108,48,12,95,28,20,4,2,0,6,0
384,340461476,1000,988,2163.53,105.605,3500,391,503,1349,767,171,107,48,12,94,28,18,4,2,0,6,0
385,340461476,1000,989,2068.05,104.454,3497,387,506,1350,768,167,106,47,11,94,31,18,4,2,0,6,0
386,340461476,1000,990,2124.18,106.005,3523,397,509,1363,767,164,106,46,12,97,32,18,4,2,0,6,0
387,340461476,1000,989,1989.49,108.595,3511,392,509,1364,765,162,104,47,12,95,31,18,4,2,0,6,0
388,340461476,1000,991,1923.14,109.23,3515,395,510,1362,766,163,103,49,11,94,33,17,4,2,0,6,0
389,340461476,1000,990,1639.15,115.441,3528,396,509,1362,780,161,104,50,11,92,34,17,4,2,0,6,0
390,340461476,1000,989,1600.44,113.432,3517,400,511,1355,773,160,102,50,12,92,33,17,4,2,0,6,0
391,340461476,1000,989,1356.55,120.833,3523,404,510,1358,771,159,102,50,13,92,35,17,4,2,0,6,0
392,340461476,1000,989,1367.61,117.396,3546,415,511,1363,773,159,103,50,13,93,37,17,4,2,0,6,0
393,340461476,1000,987,1267.51,123.534,3551,423,505,1360,778,159,101,51,14,92,38,18,4,2,0,6,0
394,340461476,1000,990,1287.35,121.5,3577,423,506,1370,786,166,102,51,14,94,36,17,4,2,0,6,0
395,340461476,1000,990,1384.24,127.767,3608,431,504,1382,792,167,104,51,14,94,40,17,4,2,0,6,0
396,340461476,1000,990,1352.48,129.322,3605,426,507,1380,794,167,102,51,14,94,42,17,4,2,0,5,0
397,340461476,1000,990,1570.11,132.266,3608,432,512,1371,791,165,105,51,13,96,43,17,4,2,0,6,0
398,340461476,1000,991,1481.77,131.644,3622,439,510,1372,798,165,108,51,12,97,42,17,4,2,0,5,0
399,340461476,1000,992,1661.79,130.837,3651,441,523,1382,805,165,106,52,11,97,43,15,4,2,0,5,0
400,340461476,1000,994,1381.2,124.594,3666,457,523,1378,801,168,108,53,11,98,43,14,4,2,0,6,0
401,340461476,1000,994,1468.16,120.582,3651,455,521,1372,799,166,106,53,10,99,42,14,4,2,0,8,0
402,340461476,1000,992,1137.13,112.273,3662,449,522,1382,803,165,103,53,11,103,43,14,4,2,0,8,0
403,340461476,1000,994,1209.79,107.237,3672,450,534,1383,803,165,101,53,11,100,45,13,4,2,0,8,0
404,340461476,1000,994,1021.81,101.133,3674,452,530,1383,802,167,104,53,11,100,45,13,4,2,0,8,0
405,340461476,1000,993,1105.03,96.8944,3690,455,533,1398,800,162,104,54,11,98,48,14,4,2,0,7,0
406,340461476,1000,993,1012.56,95.836,3695,458,527,1406,800,160,103,54,11,100,49,14,4,2,0,7,0
407,340461476,1000,992,1149.94,93.3264,3671,454,526,1391,799,160,102,54,11,99,49,13,4,2,0,7,0
408,340461476,1000,992,1028.15,96.6265,3678,457,530,1396,793,159,103,54,11,100,49,13,4,2,0,7,0
409,340461476,1000,991,1222.7,95.7746,3683,454,531,1402,796,157,104,55,11,97,50,13,4,2,0,7,0
410,340461476,1000,991,1033.07,100.053,3647,450,527,1388,789,157,102,54,11,94,49,13,4,2,0,7,0
411,340461476,1000,991,1218.47,96.618,3683,452,531,1402,795,158,101,59,11,100,48,13,4,2,0,7,0
412,340461476,1000,993,975.066,97.6593,3716,464,529,1413,803,159,102,61,11,101,48,12,4,2,0,7,0
413,340461476,1000,993,1186.21,90.933,3698,461,527,1401,799,159,105,61,11,102,48,12,3,2,0,7,0
414,340461476,1000,992,946.383,88.8302,3697,466,527,1389,804,158,103,63,11,102,48,14,3,2,0,7,0
415,340461476,1000,993,1166.14,82.7931,3698,463,525,1388,814,156,103,62,11,103,47,14,3,2,0,7,0
416,340461476,1000,992,1029.34,80.6903,3673,463,522,1370,807,159,103,62,11,102,47,15,3,2,0,7,0
417,340461476,1000,993,1105.9,76.5893,3701,466,523,1381,804,163,103,65,11,110,48,16,3,2,0,6,0
418,340461476,1000,991,1145.14,76.9835,3677,456,520,1370,809,157,108,62,11,110,48,16,2,2,0,6,0
419,340461476,1000,992,1138.7,73.6278,3672,465,515,1362,805,156,109,62,11,113,48,16,2,2,0,6,0
420,340461476,1000,992,1174.85,76.2878,3680,471,516,1364,805,154,109,63,11,113,48,16,2,2,0,6,0
421,340461476,1000,993,1245.22,73.0017,3677,474,516,1360,808,151,111,60,11,111,49,16,2,2,0,6,0
422,340461476,1000,992,1172.03,75.8884,3644,465,510,1352,804,149,108,60,11,111,48,16,2,2,0,6,0
423,340461476,1000,992,1303.85,71.5259,3619,461,516,1337,794,145,105,62,11,114,48,16,2,2,0,6,0
424,340461476,1000,993,1131.56,74.4114,3619,468,511,1343,787,141,107,62,11,117,47,16,2,2,0,5,0
425,340461476,1000,994,1180.39,69.8227,3627,471,512,1345,788,138,107,61,11,122,47,16,2,2,0,5,0
426,340461476,1000,994,1041.78,72.5657,3622,471,515,1339,783,138,107,63,11,122,48,16,2,2,0,5,0
427,340461476,1000,994,1084.53,70.4924,3644,474,522,1337,790,136,112,64,11,121,51,16,3,2,0,5,0
428,340461476,1000,995,951.693,71.0809,3634,473,526,1323,791,137,109,67,10,121,51,16,3,2,0,5,0
429,340461476,1000,996,1033.89,72.1119,3641,469,522,1329,794,143,109,68,11,118,52,16,3,2,0,5,0
430,340461476,1000,995,1037,72.4317,3657,469,522,1343,793,145,110,66,11,118,52,16,5,2,0,5,0
431,340461476,1000,994,988.12,73.3832,3648,468,520,1346,781,143,112,67,11,120,52,16,5,2,0,5,0
432,340461476,1000,993,1143.78,75.7928,3680,474,528,1358,789,146,108,64,11,122,53,16,5,1,0,5,0
433,340461476,1000,993,907.778,75.2281,3682,481,531,1354,790,142,109,63,10,124,51,16,5,1,0,5,0
434,340461476,1000,994,1050.65,78.4753,3657,482,522,1343,785,139,110,66,10,122,51,16,5,1,0,5,0
435,340461476,1000,994,792.955,76.6743,3670,483,528,1345,788,140,109,67,10,123,51,15,5,1,0,5,0
436,340461476,1000,994,884.208,77.1954,3666,488,520,1347,784,137,112,68,9,122,52,14,7,1,0,5,0
437,340461476,1000,992,676.577,74.4687,3642,490,512,1334,781,137,111,67,9,122,52,14,7,1,0,5,0
438,340461476,1000,991,831.066,74.1505,3648,494,512,1326,790,139,109,67,9,123,52,14,6,1,0,5,1
439,340461476,1000,991,652.556,70.5828,3637,490,511,1323,789,139,109,64,9,123,53,14,6,1,0,5,1
440,340461476,1000,992,943.689,70.2254,3592,484,502,1306,783,137,108,63,9,120,53,14,6,1,0,5,1
441,340461476,1000,992,746.444,69.6779,3605,484,501,1315,788,132,107,64,9,125,54,13,6,1,0,5,1
442,340461476,1000,992,1216.58,67.7429,3617,493,496,1320,797,127,107,63,9,126,52,13,7,1,0,5,1
443,340461476,1000,992,907.422,70.5412,3594,491,496,1310,794,122,106,64,9,123,53,13,6,1,0,5,1
444,340461476,1000,992,1390.62,66.5429,3636,500,500,1320,800,128,108,70,9,123,51,14,6,1,0,5,1
445,340461476,1000,993,1053.13,68.1547,3620,495,496,1309,799,128,108,71,9,126,52,14,6,1,0,5,1
446,340461476,1000,994,1342.57,63.1271,3614,501,495,1308,790,131,106,71,9,125,52,13,6,1,0,5,1
447,340461476,1000,994,1049.09,62.6089,3613,501,482,1320,794,130,105,70,9,124,51,14,6,1,0,5,1
448,340461476,1000,994,1125.79,57.077,3599,493,478,1326,786,133,105,69,7,124,51,14,6,1,0,5,1
449,340461476,1000,993,959.133,57.3412,3571,486,481,1317,779,128,101,69,6,125,53,13,6,1,0,5,1
450,340461476,1000,992,861.091,52.4256,3576,489,485,1313,779,128,102,70,6,128,50,13,6,1,0,5,1
451,340461476,1000,993,840.073,56.1535,3545,485,480,1303,774,126,100,70,5,127,49,13,6,1,0,5,1
452,340461476,1000,994,681.143,52.4671,3538,488,478,1305,766,126,98,70,4,127,54,10,6,1,0,4,1
453,340461476,1000,994,790.077,61.4226,3542,492,477,1302,768,125,100,71,4,126,55,10,6,1,0,4,1
454,340461476,1000,993,635.82,58.5035,3539,484,473,1310,771,125,99,71,3,126,53,12,6,1,1,3,1
455,340461476,1000,994,780.073,68.8497,3532,484,466,1314,765,129,99,71,3,125,53,12,6,1,1,2,1
456,340461476,1000,994,683.68,66.8591,3531,485,469,1311,766,126,102,71,3,123,52,12,6,1,1,2,1
457,340461476,1000,993,762.109,73.6433,3503,483,453,1309,762,125,100,72,2,123,49,14,6,1,1,2,1
458,340461476,1000,992,710.878,71.2768,3513,487,455,1313,762,125,97,72,2,126,48,15,6,1,1,2,1
459,340461476,1000,993,684.611,72.5857,3522,491,457,1316,765,123,97,72,2,123,49,16,6,1,1,2,1
460,340461476,1000,992,741.126,69.9391,3512,485,459,1314,761,124,97,72,2,125,48,16,6,1,1,0,1
461,340461476,1000,995,615.852,66.4209,3516,488,459,1321,760,121,96,71,2,125,47,17,6,1,1,0,1
462,340461476,1000,996,823.331,64.0395,3500,485,454,1323,748,120,97,71,2,127,47,17,6,1,1,0,1
463,340461476,1000,994,610.802,58.5379,3492,486,456,1314,747,120,99,71,2,127,44,17,6,1,1,0,1
464,340461476,1000,993,814.137,57.6403,3528,496,460,1327,756,122,102,70,2,126,41,17,6,1,1,0,1
465,340461476,1000,992,644.354,52.8935,3513,499,459,1318,752,121,100,69,2,124,43,17,6,1,1,0,1
466,340461476,1000,992,748.647,53.0664,3501,502,454,1308,748,120,102,69,2,124,46,17,6,1,1,0,1
467,340461476,1000,991,651.094,50.5011,3556,507,453,1330,762,124,104,70,2,129,49,17,6,1,1,0,1
468,340461476,1000,993,724.631,50.6363,3542,507,455,1321,756,129,102,71,2,123,50,17,6,1,1,0,1
469,340461476,1000,994,618.733,49.4632,3533,512,455,1309,753,131,101,70,2,124,50,17,6,1,1,0,1
470,340461476,1000,994,718.383,48.056,3555,515,458,1319,758,130,98,70,2,125,52,19,6,1,1,0,1
471,340461476,1000,994,614.298,48.6452,3532,509,453,1316,747,131,96,70,2,126,53,20,6,1,1,0,1
472,340461476,1000,994,673.983,45.5718,3517,508,454,1322,733,132,92,66,2,126,53,20,6,1,1,0,1
473,340461476,1000,993,642.722,48.8054,3529,504,455,1338,736,129,90,65,2,128,53,20,6,1,1,0,1
474,340461476,1000,993,628.546,45.2291,3510,501,452,1334,733,128,89,65,2,125,52,21,6,0,1,0,1
475,340461476,1000,992,715.455,48.2116,3513,501,451,1332,731,129,91,66,1,128,54,21,6,0,1,0,1
476,340461476,1000,991,609.6,45.8092,3528,509,446,1338,733,129,93,70,1,125,54,22,6,0,1,0,1
477,340461476,1000,991,744.974,47.0466,3499,509,448,1317,728,128,92,69,1,124,53,22,6,0,1,0,1
478,340461476,1000,987,623.462,45.3819,3493,507,442,1317,723,130,95,70,1,126,52,22,6,0,1,0,1
479,340461476,1000,986,712.202,46.2733,3487,505,442,1310,721,131,94,68,1,133,52,22,6,0,1,0,1
480,340461476,1000,986,624.924,44.1793,3473,500,439,1314,710,130,92,73,1,132,52,22,6,0,1,0,1
481,340461476,1000,984,671.863,45.384,3505,511,446,1321,714,131,94,73,1,130,53,22,7,0,1,0,1
482,340461476,1000,983,645.923,43.5507,3489,504,448,1315,705,128,97,79,1,130,51,23,6,0,1,0,1
483,340461476,1000,983,711.994,43.874,3472,505,446,1309,696,127,97,81,1,129,50,23,6,0,1,0,1
484,340461476,1000,985,699.719,43.3357,3491,504,451,1324,696,127,100,79,1,128,50,23,6,0,1,0,1
485,340461476,1000,986,774.26,42.3946,3482,494,455,1315,701,122,99,81,1,131,52,23,6,0,1,0,1
486,340461476,1000,985,717.531,43.9954,3463,498,447,1314,695,119,93,85,0,130,51,23,6,0,1,0,1
487,340461476,1000,985,771.497,42.121,3477,502,444,1330,688,120,94,88,0,129,51,23,6,0,1,0,1
488,340461476,1000,986,765.646,44.467,3448,499,441,1316,683,114,93,90,1,128,52,23,6,0,1,0,1
489,340461476,1000,987,805.034,42.8021,3420,502,439,1301,678,110,90,89,1,127,52,23,6,0,1,0,1
490,340461476,1000,988,832.826,44.2183,3454,507,448,1310,690,108,89,88,1,127,54,23,7,0,1,0,1
491,340461476,1000,989,810.626,42.9137,3438,514,442,1300,690,106,87,90,1,124,52,23,7,0,1,0,1
492,340461476,1000,989,800.63,43.3905,3424,513,440,1293,691,105,86,89,1,121,53,23,7,0,1,0,1
493,340461476,1000,990,734.589,42.8006,3444,521,444,1291,700,107,87,88,1,124,52,22,5,0,1,0,1
494,340461476,1000,990,681.082,43.8982,3425,518,443,1286,692,105,85,90,1,123,53,22,5,0,1,0,1
495,340461476,1000,991,637.585,43.9737,3424,515,443,1288,691,104,82,90,1,126,53,23,6,0,1,0,1
496,340461476,1000,992,587.246,45.872,3437,517,441,1292,694,107,80,94,1,127,53,23,6,0,1,0,1
497,340461476,1000,992,603.7,45.7196,3415,514,442,1283,684,107,82,92,1,125,55,23,6,0,1,0,0
498,340461476,1000,993,574.022,46.9344,3404,518,440,1278,685,106,81,90,1,123,53,22,6,0,1,0,0
499,340461476,1000,993,605.929,47.5694,3410,514,444,1276,692,102,81,89,1,126,54,22,8,0,1,0,0
500,340461476,1000,992,618.02,48.6514,3388,507,441,1266,691,101,82,89,1,124,55,22,8,0,1,0,0
501,340461476,1000,991,632.882,50.0574,3392,510,437,1271,695,100,84,85,1,125,54,22,7,0,1,0,0
502,340461476,1000,989,697.447,50.5038,3395,514,440,1261,697,99,86,85,1,127,54,22,8,0,1,0,0
503,340461476,1000,988,662.815,50.9832,3376,514,443,1254,687,96,86,83,1,126,55,22,8,0,1,0,0
504,340461476,1000,989,725.39,50.1162,3376,524,441,1254,679,97,86,83,1,125,55,22,8,0,1,0,0
505,340461476,1000,988,619.975,48.6169,3380,529,435,1256,679,94,84,85,1,130,56,22,8,0,1,0,0
506,340461476,1000,987,644.483,46.9016,3372,530,432,1247,678,94,84,88,1,130,57,22,8,0,1,0,0
507,340461476,1000,986,529.409,44.55,3357,532,425,1244,670,96,84,89,1,129,57,21,8,0,1,0,0
508,340461476,1000,987,568.749,43.3948,3362,536,431,1239,668,95,83,91,1,132,56,21,8,0,1,0,0
509,340461476,1000,985,488.7,41.6851,3336,529,422,1237,671,90,82,90,1,133,53,20,8,0,0,0,0
510,340461476,1000,985,562.766,41.2327,3329,525,417,1237,669,91,82,91,1,134,54,20,8,0,0,0,0
511,340461476,1000,984,538.755,40.9182,3323,522,412,1240,668,95,81,90,1,132,55,19,8,0,0,0,0
512,340461476,1000,984,589.689,40.8489,3304,522,407,1232,663,90,81,91,1,132,58,19,8,0,0,0,0
513,340461476,1000,980,608.903,42.1735,3309,527,408,1228,666,91,81,89,1,133,58,19,8,0,0,0,0
514,340461476,1000,979,598.884,42.0054,3317,528,411,1231,669,90,82,88,1,132,59,18,8,0,0,0,0
515,340461476,1000,981,697.931,43.6516,3294,524,407,1226,664,89,82,87,1,132,57,17,8,0,0,0,0
516,340461476,1000,980,570.199,42.3911,3292,525,405,1223,659,90,85,87,1,135,57,17,8,0,0,0,0
517,340461476,1000,979,711.865,42.6265,3279,533,404,1206,652,92,85,87,1,132,60,19,8,0,0,0,0
518,340461476,1000,977,528.141,40.139,3257,526,408,1199,641,93,83,88,1,131,60,19,8,0,0,0,0
519,340461476,1000,976,635.04,39.7246,3254,531,400,1196,639,94,85,88,1,133,60,19,8,0,0,0,0
520,340461476,1000,976,497.727,37.317,3256,533,395,1193,638,99,88,90,1,130,61,20,8,0,0,0,0
521,340461476,1000,975,530.588,37.388,3213,526,388,1173,631,97,87,90,1,131,62,19,8,0,0,0,0
522,340461476,1000,975,507.108,36.5397,3197,522,386,1170,622,93,88,87,1,133,65,22,8,0,0,0,0
523,340461476,1000,977,492.673,37.0099,3236,525,393,1182,630,95,87,89,1,140,64,22,8,0,0,0,0
524,340461476,1000,977,517.779,37.6469,3191,522,388,1166,621,90,87,89,1,138,61,20,8,0,0,0,0
525,340461476,1000,979,501.5,37.6778,3188,524,387,1161,618,88,89,88,1,144,60,20,8,0,0,0,0
526,340461476,1000,981,534.3,40.0604,3217,529,384,1174,624,89,93,88,1,143,62,22,8,0,0,0,0
527,340461476,1000,980,515.034,38.5408,3201,529,383,1164,613,89,95,88,1,147,62,22,8,0,0,0,0
528,340461476,1000,978,587.069,41.2653,3189,530,383,1160,603,88,97,88,1,148,61,22,8,0,0,0,0
529,340461476,1000,979,527.073,38.7163,3224,538,384,1167,617,90,100,86,1,148,63,22,8,0,0,0,0
530,340461476,1000,977,608.394,40.0124,3216,537,384,1159,611,91,102,86,1,151,63,23,8,0,0,0,0
531,340461476,1000,973,522.782,37.6342,3199,535,385,1150,607,91,104,84,1,150,61,23,8,0,0,0,0
532,340461476,1000,976,621.869,37.0029,3221,540,387,1150,613,93,107,87,1,149,64,22,8,0,0,0,0
533,340461476,1000,974,502.061,35.9957,3181,530,383,1140,607,92,105,85,1,144,64,22,8,0,0,0,0
534,340461476,1000,974,620.963,34.8089,3167,528,372,1140,608,92,105,82,2,142,64,24,8,0,0,0,0
535,340461476,1000,975,485.217,34.6106,3183,536,370,1140,612,93,107,84,2,141,65,24,8,1,0,0,0
536,340461476,1000,973,577.31,33.9173,3171,543,369,1133,603,92,111,83,2,138,64,23,9,1,0,0,0
537,340461476,1000,971,495.369,34.2242,3171,550,371,1132,594,90,109,80,2,144,64,23,11,1,0,0,0
538,340461476,1000,970,554.696,33.7051,3193,550,377,1139,595,94,113,79,2,145,63,23,12,1,0,0,0
539,340461476,1000,970,543.76,35.147,3168,554,372,1125,586,93,115,78,2,143,65,22,12,1,0,0,0
540,340461476,1000,967,607.238,34.429,3167,558,366,1123,586,94,116,77,2,143,64,23,14,1,0,0,0
541,340461476,1000,965,565.127,36.1185,3176,559,368,1120,587,100,116,78,2,144,64,23,14,1,0,0,0
542,340461476,1000,970,651.176,35.0134,3185,555,365,1140,580,99,117,81,2,144,64,23,14,1,0,0,0
543,340461476,1000,970,549.242,36.8954,3156,551,363,1133,572,98,116,78,2,144,61,23,14,1,0,0,0
544,340461476,1000,975,648.062,35.136,3166,547,364,1135,575,102,117,79,2,147,61,23,13,1,0,0,0
545,340461476,1000,976,594.937,37.1234,3156,545,364,1137,573,102,117,74,2,143,62,23,13,1,0,0,0
546,340461476,1000,975,611.513,35.0347,3134,549,353,1126,563,101,117,80,2,144,62,23,13,1,0,0,0
547,340461476,1000,976,673.216,36.1023,3139,553,353,1117,568,101,122,80,2,143,63,23,13,1,0,0,0
548,340461476,1000,974,575.415,34.7985,3102,542,350,1107,559,100,122,78,2,141,64,23,13,1,0,0,0
549,340461476,1000,972,654.294,35.2744,3079,540,344,1107,545,100,125,76,2,140,63,23,13,1,0,0,0
550,340461476,1000,973,531.28,35.1293,3068,544,338,1102,535,101,126,79,2,140,63,23,14,1,0,0,0
551,340461476,1000,972,604.254,36.4134,3064,545,338,1100,533,99,128,78,2,141,62,23,14,1,0,0,0
552,340461476,1000,971,487.423,36.0847,3053,545,339,1092,526,98,130,78,2,140,63,22,17,1,0,0,0
553,340461476,1000,974,563.334,38.1212,3064,545,344,1089,529,98,131,80,1,142,64,22,18,1,0,0,0
554,340461476,1000,974,435.233,36.8857,3035,542,338,1087,521,98,127,80,1,138,62,22,18,1,0,0,0
555,340461476,1000,973,474.332,38.6239,3021,546,335,1067,517,97,128,84,1,141,61,22,21,1,0,0,0
556,340461476,1000,972,401.799,38.3624,3016,543,336,1067,516,99,131,82,1,136,61,22,21,1,0,0,0
557,340461476,1000,973,446.263,38.5176,3015,548,337,1062,516,98,131,82,1,138,59,22,20,1,0,0,0
558,340461476,1000,970,400.061,40.2418,3016,551,336,1055,524,97,126,83,1,140,60,22,20,1,0,0,0
559,340461476,1000,970,515.394,38.8628,3000,547,335,1047,520,100,124,81,1,140,61,22,21,1,0,0,0
560,340461476,1000,968,404.308,40.2847,2994,542,341,1051,510,98,125,82,1,142,59,22,20,1,0,0,0
561,340461476,1000,967,573.238,38.2694,2989,535,343,1037,513,98,128,84,1,147,59,23,20,1,0,0,0
562,340461476,1000,968,417.67,38.9956,2970,535,340,1026,507,96,127,84,1,151,59,23,20,1,0,0,0
563,340461476,1000,968,606.779,36.5635,2955,534,339,1020,505,94,127,82,1,152,57,23,20,1,0,0,0
564,340461476,1000,968,462.136,37.1333,2959,537,340,1012,509,94,130,81,1,152,59,23,20,1,0,0,0
565,340461476,1000,965,674.767,34.4171,2958,539,340,1012,502,94,129,83,1,154,59,23,21,1,0,0,0
566,340461476,1000,964,527.98,33.8461,2956,538,343,1012,498,92,129,83,1,156,59,23,21,1,0,0,0
567,340461476,1000,966,646.346,31.6384,2958,540,341,1013,499,90,127,81,1,158,62,22,23,1,0,0,0
568,340461476,1000,966,547.102,31.156,2961,544,348,1007,493,91,127,82,1,160,62,22,23,1,0,0,0
569,340461476,1000,962,532.985,29.4113,2939,538,350,998,490,89,125,80,1,160,62,22,23,1,0,0,0
570,340461476,1000,965,531.718,30.9733,2962,541,351,1002,496,89,127,83,1,163,64,21,23,1,0,0,0
571,340461476,1000,966,417.805,28.8823,2965,544,353,1004,496,92,123,81,1,165,62,20,23,1,0,0,0
572,340461476,1000,966,530.333,31.8182,2940,538,349,992,494,91,123,81,1,163,65,19,23,1,0,0,0
573,340461476,1000,969,365.188,29.5786,2943,538,351,995,496,87,123,78,1,166,67,17,23,1,0,0,0
574,340461476,1000,969,558.505,32.9639,2967,543,353,1015,498,86,124,77,1,164,65,17,23,1,0,0,0
575,340461476,1000,970,372.04,31.116,2949,543,349,1015,491,84,125,77,1,160,64,16,23,1,0,0,0
576,340461476,1000,969,531.375,35.2806,2959,548,356,1005,494,84,127,77,1,161,65,17,23,1,0,0,0
577,340461476,1000,968,391.248,34.1315,2978,553,352,1010,506,86,127,77,1,163,64,15,23,1,0,0,0
578,340461476,1000,962,467.041,36.6735,2974,553,354,1014,504,88,126,75,1,158,62,15,23,1,0,0,0
579,340461476,1000,965,398.912,36.0409,2954,563,349,997,499,88,125,73,1,160,60,15,23,1,0,0,0
580,340461476,1000,966,418.926,35.6824,2964,571,345,998,503,87,129,73,1,157,61,15,23,1,0,0,0
581,340461476,1000,964,372.385,35.7402,2951,570,347,992,495,84,130,73,1,160,62,13,23,1,0,0,0
582,340461476,1000,961,400.223,33.0457,2923,570,336,979,491,83,128,73,1,160,62,16,23,1,0,0,0
583,340461476,1000,963,359.532,34.2271,2932,567,340,986,494,81,129,74,1,157,62,17,23,1,0,0,0
584,340461476,1000,963,412.154,30.6342,2909,561,340,979,480,82,129,74,1,150,72,17,23,1,0,0,0
585,340461476,1000,959,373.242,33.1299,2899,560,339,968,480,81,129,74,1,154,74,15,23,1,0,0,0
586,340461476,1000,957,439.748,29.8974,2878,564,338,958,469,80,132,74,1,152,72,15,23,0,0,0,0
587,340461476,1000,959,411.517,31.8608,2866,562,339,950,469,78,132,74,2,150,72,15,23,0,0,0,0
588,340461476,1000,957,448.663,29.6102,2873,563,340,963,462,76,134,74,2,152,70,14,23,0,0,0,0
589,340461476,1000,959,482.056,30.1168,2877,570,340,963,460,77,135,71,2,152,70,14,23,0,0,0,0
590,340461476,1000,962,452.875,28.771,2885,575,340,960,463,79,137,70,2,149,72,14,23,1,0,0,0
591,340461476,1000,966,534.514,28.4736,2904,584,345,958,470,85,136,70,2,147,70,13,23,1,0,0,0
592,340461476,1000,964,476.488,27.1471,2899,587,342,957,471,86,137,67,2,142,70,13,24,1,0,0,0
593,340461476,1000,963,577.69,26.9852,2883,582,338,957,470,84,137,66,1,141,69,12,25,1,0,0,0
594,340461476,1000,964,497.81,25.7632,2894,587,335,956,475,84,141,64,1,143,70,13,24,1,0,0,0
595,340461476,1000,966,608.841,26.1784,2883,589,334,947,473,83,142,67,1,142,69,13,22,1,0,0,0
596,340461476,1000,962,521.862,25.3438,2872,593,328,940,474,80,141,73,1,141,66,13,21,1,0,0,0
597,340461476,1000,964,644.886,26.3248,2899,597,328,957,478,81,139,73,1,143,67,14,20,1,0,0,0
598,340461476,1000,963,557.992,26.1431,2911,599,324,965,476,80,143,75,2,144,68,14,20,1,0,0,0
599,340461476,1000,963,647.42,26.8661,2900,597,324,957,477,82,142,73,2,145,68,13,19,1,0,0,0
600,340461476,1000,965,528.658,28.0388,2939,607,324,980,479,81,146,72,3,145,68,13,20,1,0,0,0
601,340461476,1000,966,591.478,28.0316,2939,606,327,973,482,79,153,70,3,142,69,13,21,1,0,0,0
602,340461476,1000,967,487.65,30.026,2952,610,329,978,483,83,152,69,3,142,68,13,20,2,0,0,0
603,340461476,1000,969,497.578,29.7778,2953,615,324,973,490,85,150,67,3,143,68,13,20,2,0,0,0
604,340461476,1000,966,464.108,32.1512,2950,621,321,976,482,87,149,66,3,141,68,13,21,2,0,0,0
605,340461476,1000,965,407.916,31.6218,2973,631,330,971,494,85,147,65,3,140,69,13,23,2,0,0,0
606,340461476,1000,967,433.271,34.1192,2998,643,335,973,495,83,149,66,3,140,71,13,25,2,0,0,0
607,340461476,1000,966,372.077,33.4149,2979,633,333,970,494,83,150,66,3,138,71,13,23,2,0,0,0
608,340461476,1000,967,439.745,35.998,2972,629,335,967,487,86,149,68,3,138,72,13,23,2,0,0,0
609,340461476,1000,965,401.266,35.4745,2966,630,339,965,486,84,148,65,3,137,71,13,23,2,0,0,0
610,340461476,1000,961,516.445,37.563,2955,634,336,960,485,82,145,68,3,134,73,12,21,2,0,0,0
611,340461476,1000,963,448.356,36.2202,2965,638,338,957,489,81,147,69,3,136,73,13,19,2,0,0,0
612,340461476,1000,961,625.764,37.2053,2975,634,341,966,490,82,147,68,3,137,73,13,19,2,0,0,0
613,340461476,1000,960,481.143,35.4886,2977,641,344,963,484,83,146,70,3,137,72,13,19,2,0,0,0
614,340461476,1000,961,667.139,34.7918,2987,645,352,964,485,82,146,68,3,137,71,14,18,2,0,0,0
615,340461476,1000,965,487.489,33.7287,3020,647,356,973,490,82,151,68,3,138,76,14,20,2,0,0,0
616,340461476,1000,966,684.058,31.6439,3019,656,354,963,494,82,148,68,3,139,76,14,20,2,0,0,0
617,340461476,1000,965,509.177,31.0846,2997,654,349,955,493,82,144,67,3,138,74,15,21,2,0,0,0
618,340461476,1000,964,663.954,28.9742,3002,656,351,952,501,81,145,67,3,136,74,14,20,2,0,0,0
619,340461476,1000,963,553.551,29.1913,3001,658,349,952,502,82,144,65,3,134,73,14,22,2,0,1,0
620,340461476,1000,964,569.35,27.9505,2999,656,351,952,498,80,143,66,3,135,72,18,22,2,0,1,0
621,340461476,1000,962,614.668,29.7941,3013,661,355,954,499,82,141,65,3,139,70,18,23,2,0,1,0
622,340461476,1000,962,526.847,28.9171,3001,667,356,944,493,82,141,65,3,136,69,18,24,2,0,1,0
623,340461476,1000,962,641.801,32.652,2986,660,358,935,493,81,142,64,3,135,68,19,25,2,0,1,0
624,340461476,1000,961,516.531,31.3051,3000,666,359,932,502,82,143,63,3,137,67,19,24,2,0,1,0
625,340461476,1000,959,604.742,35.283,2989,662,362,925,500,82,143,63,3,138,65,19,24,2,0,1,0
626,340461476,1000,960,459.778,33.3502,2972,653,361,913,499,86,144,64,3,133,68,19,26,2,0,1,0
627,340461476,1000,960,529.802,37.1001,2967,654,360,909,501,85,141,65,3,134,64,19,29,2,0,1,0
628,340461476,1000,957,388.706,35.1072,2947,650,363,899,499,83,139,64,3,132,64,19,29,2,0,1,0
629,340461476,1000,956,453.779,37.8086,2915,640,360,891,493,82,136,64,3,131,64,19,29,2,0,1,0
630,340461476,1000,956,349.575,36.9044,2915,642,356,883,493,81,138,64,3,135,66,21,30,2,0,1,0
631,340461476,1000,953,412.866,36.7745,2889,632,345,874,495,82,139,64,3,135,66,21,30,2,0,1,0
632,340461476,1000,956,373.255,37.9252,2921,630,350,893,501,82,141,62,3,139,66,21,30,2,0,1,0
633,340461476,1000,955,409.843,36.3219,2922,640,351,885,496,84,141,63,3,140,65,21,30,2,0,1,0
634,340461476,1000,955,436.733,38.2814,2927,644,348,886,495,84,140,63,3,140,68,23,30,2,0,1,0
635,340461476,1000,953,406.709,36.3885,2933,653,346,891,490,83,136,63,3,143,70,22,30,2,0,1,0
636,340461476,1000,953,497.23,37.6972,2927,648,345,885,498,82,135,64,4,140,69,24,30,2,0,1,0
637,340461476,1000,950,416.124,35.0583,2912,643,345,876,498,80,137,65,4,138,69,24,30,2,0,1,0
638,340461476,1000,951,504.823,35.526,2911,644,346,874,499,79,140,65,4,135,68,23,30,2,0,2,0
639,340461476,1000,950,465.162,32.307,2891,641,341,867,497,79,140,65,4,134,68,21,30,2,0,2,0
640,340461476,1000,950,491.857,32.1849,2883,639,336,872,494,78,137,66,4,135,66,22,30,2,0,2,0
641,340461476,1000,950,488.166,29.3055,2879,646,332,865,494,81,133,66,4,136,67,21,29,2,0,3,0
642,340461476,1000,952,459.649,29.0497,2877,641,330,870,492,85,133,64,4,136,67,21,29,2,0,3,0
643,340461476,1000,952,465.907,27.6088,2885,651,330,870,490,86,131,64,4,137,68,20,29,2,0,3,0
644,340461476,1000,958,417.903,27.3965,2896,653,332,876,490,90,131,63,5,133,69,19,29,3,0,3,0
645,340461476,1000,958,427.807,27.7225,2869,646,329,869,488,89,128,62,5,132,67,19,29,3,0,3,0
646,340461476,1000,956,418.1,27.0244,2853,644,321,866,487,86,127,62,5,133,68,19,29,3,0,3,0
647,340461476,1000,959,398.483,28.7629,2859,642,321,877,488,88,124,59,5,132,70,19,28,3,0,3,0
648,340461476,1000,960,437.918,27.7997,2847,645,315,874,487,85,122,60,5,132,70,18,28,3,0,3,0
649,340461476,1000,958,374.087,29.3686,2815,637,311,864,485,84,118,60,5,132,68,17,28,3,0,3,0
650,340461476,1000,960,434.639,29.3506,2855,653,312,874,484,87,119,63,5,134,71,18,29,3,0,3,0
651,340461476,1000,959,394.701,29.9789,2854,656,310,876,484,86,113,64,5,134,70,20,30,3,0,3,0
652,340461476,1000,958,413.132,30.4848,2865,664,308,879,484,88,112,62,5,135,73,19,30,3,0,3,0
653,340461476,1000,961,459.103,30.1588,2880,672,304,888,488,89,112,61,5,130,75,19,31,2,0,4,0
654,340461476,1000,959,442.619,30.351,2873,674,299,891,480,89,111,62,6,132,73,19,31,2,0,4,0
655,340461476,1000,959,506.963,29.3722,2892,671,298,906,482,89,112,65,6,134,75,19,29,2,0,4,0
656,340461476,1000,959,507.093,29.0589,2899,672,296,908,482,89,114,66,6,134,75,21,29,2,0,5,0
657,340461476,1000,960,497.044,28.5563,2875,676,291,894,482,88,110,65,6,132,74,21,29,2,0,5,0
658,340461476,1000,961,513.824,27.6668,2884,681,286,901,479,89,110,66,6,136,72,21,29,3,0,5,0
659,340461476,1000,959,476.634,28.1242,2897,694,282,902,484,87,110,65,5,137,73,21,29,2,0,6,0
660,340461476,1000,959,468.782,26.716,2896,697,284,899,478,89,111,66,6,134,73,21,30,2,0,6,0
661,340461476,1000,959,479.195,27.3805,2900,696,280,905,478,88,110,64,6,141,73,21,29,3,0,6,0
662,340461476,1000,959,465.317,26.7508,2907,698,277,906,482,88,112,66,6,139,73,21,30,3,0,6,0
663,340461476,1000,955,484.815,26.6204,2888,686,278,903,484,86,113,68,6,134,71,21,29,3,0,6,0
664,340461476,1000,953,464.327,27.618,2896,687,275,911,480,88,115,67,6,135,72,21,29,4,0,6,0
665,340461476,1000,953,471.189,27.5399,2899,685,279,915,478,87,117,66,6,134,71,21,30,4,0,6,0
666,340461476,1000,953,462.216,29.0298,2886,682,277,906,477,87,116,66,7,136,72,21,29,4,0,6,0
667,340461476,1000,952,460.751,29.9208,2877,679,273,906,477,87,114,66,7,135,73,21,29,4,0,6,0
668,340461476,1000,951,493.26,30.3434,2863,680,274,896,469,88,113,67,7,135,73,21,30,4,0,6,0
669,340461476,1000,951,491.545,31.1497,2850,671,270,900,468,87,114,66,7,135,71,21,30,4,0,6,0
670,340461476,1000,947,511.964,31.0037,2839,670,267,897,470,87,113,65,7,133,70,21,29,4,0,6,0
671,340461476,1000,949,529.224,30.763,2842,670,267,900,468,90,114,65,7,132,70,21,28,4,0,6,0
672,340461476,1000,948,502.241,30.9186,2818,660,261,896,469,91,112,64,7,128,69,23,28,4,0,6,0
673,340461476,1000,954,540.467,30.5722,2861,674,265,905,481,91,112,61,7,134,68,22,28,5,0,6,2
674,340461476,1000,954,512.769,30.8859,2850,669,263,902,476,93,115,62,7,132,66,22,29,6,0,6,2
675,340461476,1000,953,575.636,30.579,2827,663,258,902,469,92,115,61,8,130,65,21,29,6,0,6,2
676,340461476,1000,955,564.475,30.5987,2831,660,259,911,470,90,113,61,8,130,65,23,28,6,0,5,2
677,340461476,1000,956,666.638,30.4308,2820,661,254,910,465,91,112,61,8,130,65,22,28,6,0,5,2
678,340461476,1000,956,581.865,30.1881,2793,662,253,894,462,90,113,59,8,125,66,21,27,6,0,5,2
679,340461476,1000,957,698.157,30.7113,2799,663,248,903,467,90,113,55,8,127,64,21,27,6,0,5,2
680,340461476,1000,956,551.119,30.8669,2787,668,241,900,458,92,113,55,8,128,64,21,26,6,0,5,2
681,340461476,1000,958,633.922,31.3525,2783,666,239,897,456,92,117,55,8,129,65,22,24,6,0,5,2
682,340461476,1000,961,524.235,32.1975,2816,669,237,909,474,90,118,53,8,133,65,23,24,6,0,5,2
683,340461476,1000,954,557.759,32.0077,2797,662,234,906,470,90,117,52,8,131,67,22,25,6,0,5,2
684,340461476,1000,953,521.302,32.94,2787,656,231,901,473,87,119,51,8,131,70,22,25,6,0,5,2
685,340461476,1000,956,473.66,32.7209,2786,656,231,897,473,86,120,51,8,130,69,23,28,6,0,5,3
686,340461476,1000,957,491.24,33.9956,2772,654,230,892,470,85,118,50,8,131,69,23,28,6,0,5,3
687,340461476,1000,957,375.665,34.2683,2768,656,227,896,468,86,117,49,8,129,67,23,28,6,0,5,3
688,340461476,1000,956,412.177,36.9104,2766,655,221,896,470,87,116,49,8,131,66,24,29,6,0,5,3
689,340461476,1000,959,321.177,36.3492,2762,652,225,887,473,88,114,51,8,131,65,24,30,6,0,5,3
690,340461476,1000,960,349.698,39.2651,2760,647,225,880,475,88,114,51,8,138,65,24,30,6,0,6,3
691,340461476,1000,959,302.07,37.5835,2746,650,223,867,475,85,117,49,7,136,64,25,33,6,0,6,3
692,340461476,1000,959,358.802,39.027,2763,645,222,873,490,86,117,52,8,135,63,25,33,6,0,5,3
693,340461476,1000,960,302.994,37.262,2753,646,218,876,481,88,115,53,8,134,63,24,34,6,0,4,3
694,340461476,1000,960,408.464,37.2434,2751,644,224,868,486,88,111,54,8,135,62,24,34,6,0,4,3
695,340461476,1000,961,347.38,36.2783,2751,647,225,868,483,91,109,54,8,134,63,22,34,6,0,4,3
696,340461476,1000,958,414.818,34.7117,2749,647,223,870,480,90,109,54,8,134,65,22,34,6,0,4,3
697,340461476,1000,959,370.426,34.3527,2743,641,226,865,484,90,108,53,8,134,65,22,34,6,0,4,3
698,340461476,1000,960,394.321,31.3895,2758,634,225,885,484,89,107,53,8,136,67,24,33,6,0,4,3
699,340461476,1000,959,352.246,30.6413,2756,627,228,883,485,88,108,53,7,137,70,23,34,6,0,4,3
700,340461476,1000,960,397.446,27.8542,2754,624,225,887,479,90,108,53,7,138,69,26,35,6,0,4,3
701,340461476,1000,961,376.068,26.8069,2772,633,223,892,486,90,107,54,7,138,70,26,34,5,0,4,3
702,340461476,1000,962,397.845,24.6977,2757,632,221,888,482,90,109,54,7,136,67,25,34,5,0,4,3
703,340461476,1000,964,419.515,24.6964,2748,633,229,883,477,87,109,53,6,136,64,24,34,5,0,5,3
704,340461476,1000,965,417.342,22.8768,2746,629,227,881,481,86,108,54,6,141,64,23,33,5,0,5,3
705,340461476,1000,964,473.01,24.2697,2737,623,226,874,482,90,107,55,6,141,64,23,33,5,0,5,3
706,340461476,1000,960,442.471,23.3085,2734,626,228,861,485,94,104,54,6,144,64,22,33,5,0,5,3
707,340461476,1000,959,500.169,24.4391,2734,630,228,858,492,91,101,53,5,144,64,22,33,5,0,5,3
708,340461476,1000,958,449.663,24.0843,2736,626,229,864,489,93,98,54,6,143,65,22,34,5,0,5,3
709,340461476,1000,950,502.096,24.561,2699,609,229,859,485,92,97,50,6,140,64,22,33,5,0,5,3
710,340461476,1000,947,432.936,23.822,2672,611,227,842,477,92,96,51,6,141,62,22,33,5,0,4,3
711,340461476,1000,947,479.27,24.4594,2676,615,227,839,475,91,95,51,8,139,65,26,34,5,0,3,3
712,340461476,1000,944,433.401,24.2259,2660,611,225,833,474,91,95,50,8,140,63,26,33,5,0,3,3
713,340461476,1000,947,469.494,24.5667,2643,606,228,821,470,89,98,49,11,140,62,26,31,6,0,3,3
714,340461476,1000,951,499.424,25.2643,2657,606,233,828,467,91,101,49,12,140,62,25,31,6,0,3,3
715,340461476,1000,953,499.9,25.5094,2651,605,230,828,472,92,98,46,12,139,62,24,32,5,0,3,3
716,340461476,1000,951,574.206,27.0285,2636,601,231,825,467,94,97,45,11,138,62,24,31,5,0,2,3
717,340461476,1000,948,541.671,27.1202,2634,596,238,842,457,93,95,45,11,132,61,24,30,5,0,2,3
718,340461476,1000,946,582.124,28.7266,2624,594,237,835,460,94,95,45,11,131,59,24,29,5,0,2,3
719,340461476,1000,945,546.855,28.4817,2619,584,235,838,465,92,95,48,10,132,59,24,28,4,0,2,3
720,340461476,1000,945,532.457,29.8201,2632,592,232,845,461,90,99,50,11,131,59,24,30,3,0,2,3
721,340461476,1000,946,524.382,29.0115,2613,587,231,837,454,90,101,51,12,131,57,24,30,3,0,2,3
722,340461476,1000,946,520.14,29.8272,2618,585,233,844,454,89,100,52,12,132,55,24,30,3,0,2,3
723,340461476,1000,948,503.043,29.1309,2645,596,236,849,456,92,101,51,14,131,55,26,30,3,0,2,3
724,340461476,1000,946,517.118,29.5319,2649,598,235,844,458,91,103,52,14,133,57,26,30,3,0,2,3
725,340461476,1000,944,484.314,30.2675,2662,602,236,847,460,91,106,53,14,132,57,26,30,3,0,2,3
726,340461476,1000,942,491.565,30.5222,2656,596,231,850,459,93,107,54,14,131,56,27,30,3,0,2,3
727,340461476,1000,946,454.535,32.4307,2652,597,232,848,458,90,109,52,14,133,56,26,30,2,0,2,3
728,340461476,1000,947,464.501,32.7632,2641,593,229,845,457,92,108,52,14,132,56,26,30,2,0,2,3
729,340461476,1000,950,424.83,34.2068,2640,591,233,844,454,94,105,52,14,135,56,25,30,2,0,2,3
